Label,Name,Combination,Dry,Normal,Oily,Sensitive
Moisturizer,Crème de la Mer,1,1,1,1,1
Moisturizer,Facial Treatment Essence,1,1,1,1,1
Moisturizer,Protini™ Polypeptide Cream,1,1,1,1,0
Moisturizer,The Moisturizing Soft Cream,1,1,1,1,1
Moisturizer,Your Skin But Better™ CC+™ Cream with SPF 50+,1,1,1,1,1
Moisturizer,The Water Cream,1,0,1,1,1
Moisturizer,Lala Retro™ Whipped Cream,1,1,1,1,0
Moisturizer,Virgin Marula Luxury Facial Oil,1,1,1,1,0
Moisturizer,Ultra Facial Cream,1,1,1,1,1
Moisturizer,Little Miss Miracle Limited-Edition Crème de la Mer,0,0,0,0,0
Moisturizer,Lotus Youth Preserve Moisturizer,0,0,0,0,0
Moisturizer,Midnight Recovery Concentrate,1,1,1,1,1
Moisturizer,The True Cream Aqua Bomb,1,0,1,1,0
Moisturizer,Luna Sleeping Night Oil,1,1,1,1,1
Moisturizer,Honeymoon Glow AHA Resurfacing Night Serum with Echinacea GreenEnvy™,1,1,1,1,1
Moisturizer,The Littles™,1,1,1,1,0
Moisturizer,Ultra Repair® Cream Intense Hydration,1,1,1,1,1
Moisturizer,Moisture Surge 72-Hour Auto-Replenishing Hydrator,1,1,1,1,1
Moisturizer,Rose Deep Hydration Moisturizer,0,0,0,0,0
Moisturizer,R.N.A. POWER Face Cream,0,1,1,0,1
Moisturizer,Crème de la Mer Mini,1,1,1,1,1
Moisturizer,COMPLEXION RESCUE™ Tinted Moisturizer Broad Spectrum SPF 30,0,0,0,0,0
Moisturizer,Bio-Performance Advanced Super Revitalizing Cream,0,0,0,0,0
Moisturizer,Black Tea Firming Overnight Mask,1,1,1,0,0
Moisturizer,The True Cream Moisturizing Bomb,0,1,1,0,0
Moisturizer,Charlotte's Magic Cream,0,0,0,0,0
Moisturizer,Virgin Marula Luxury Facial Oil Mini,1,1,1,1,0
Moisturizer,Dr. Andrew Weil For Origins™ Mega-Mushroom Relief & Resilience Soothing Treatment Lotion,1,1,1,1,1
Moisturizer,Dramatically Different Moisturizing Lotion+,1,1,0,0,0
Moisturizer,GenOptics Aura Essence Serum,1,1,1,1,1
Moisturizer,Black Tea Kombucha Antioxidant Essence,0,0,0,0,0
Moisturizer,Pure One Step Camellia Cleansing Oil,1,1,1,1,1
Moisturizer,Sheer Transformation® Perfecting Moisturizer,1,1,1,1,1
Moisturizer,100 percent Pure Argan Oil,0,1,0,1,1
Moisturizer,Your Skin But Better CC+ Cream Oil-Free Matte with SPF 40,1,1,1,1,0
Moisturizer,Unicorn Essence Antioxidant Primer Serum,0,0,0,0,0
Moisturizer,Water Sleeping Mask,1,1,1,1,1
Moisturizer,Water Bank Moisture Cream,0,1,1,0,1
Moisturizer,Facial Treatment Essence Mini,1,1,1,1,1
Moisturizer,Premium Beauty Balm SPF 45,0,0,0,0,0
Moisturizer,Luminous Dewy Skin Mist,1,1,1,0,1
Moisturizer,Benefiance WrinkleResist24 Night Cream,0,1,1,0,0
Moisturizer,Dramatically Different Moisturizing Gel,1,0,0,1,0
Moisturizer,Goodnight Glow Retin-ALT Sleeping Crème,1,1,1,1,0
Moisturizer,U.F.O. Ultra-Clarifying Face Oil,1,1,1,1,1
Moisturizer,Watermelon Glow Sleeping Mask,1,1,1,1,1
Moisturizer,Pink Cloud Rosewater Moisture Crème,1,1,1,1,1
Moisturizer,Radiance Drops - Rainforest of the Sea™ Collection,0,0,0,0,0
Moisturizer,Tidal Brightening Enzyme Water Cream,1,1,1,0,1
Moisturizer,Beauty Elixir,1,0,1,1,1
Moisturizer,Grape Water,1,1,1,1,1
Moisturizer,Adaptogen Deep Moisture Cream,1,1,1,1,1
Moisturizer,The Renewal Oil,1,1,1,1,1
Moisturizer,Squalane + Vitamin C Rose Oil,1,1,1,1,1
Moisturizer,BB Tinted Treatment 12-Hour Primer Broad Spectrum SPF 30 Sunscreen,1,1,1,1,0
Moisturizer,Eudermine Revitalizing Essence,0,0,0,0,0
Moisturizer,GinZing™ Energy-Boosting Gel Moisturizer,1,1,1,1,1
Moisturizer,Micro Essence Skin Activating Treatment Lotion,0,0,0,0,0
Moisturizer,Beauty Water,1,1,1,1,1
Moisturizer,The Silk Cream,1,1,1,0,1
Moisturizer,C-Rush™ Brightening Gel Crème,1,1,1,1,1
Moisturizer,Color Control Cushion Compact Broad Spectrum SPF 50+,1,1,1,1,1
Moisturizer,Vitamin Enriched Face Base Priming Moisturizer,1,0,1,1,0
Moisturizer,Cicapair ™ Tiger Grass Color Correcting Treatment SPF 30,1,1,1,1,1
Moisturizer,Vinosource Moisturizing Sorbet,1,1,1,1,1
Moisturizer,Lapis Oil Balancing Facial Oil,1,0,1,1,0
Moisturizer,CC Crème High Definition Radiance Face Cream Skin Perfector,1,1,1,1,1
Moisturizer,Camera Ready BB Cream SPF 35,0,0,0,0,0
Moisturizer,C.E.O. C + E antiOXIDANT Protect + Repair Moisturizer,1,1,1,1,1
Moisturizer,Rose Gold Elixir – 24k Gold Infused Beauty Oil,0,0,0,0,0
Moisturizer,Your Skin But Better™ CC+Illumination™ Cream with SPF 50+,1,1,1,1,1
Moisturizer,Luminous Dewy Skin Night Concentrate,1,1,1,0,1
Moisturizer,GLOWSTARTER™ Mega Illuminating Moisturizer,1,1,1,1,0
Moisturizer,Revitalizing Supreme Global Anti-Aging Crème,0,0,0,0,0
Moisturizer,Ceramidin™ Cream,1,1,1,0,1
Moisturizer,Juno Antioxidant + Superfood Face Oil,0,1,1,0,1
Moisturizer,Seaberry Moisturizing Face Oil,0,0,0,0,0
Moisturizer,BB Cushion Hydra Radiance SPF 50,1,1,1,1,1
Moisturizer,FUTURE RESPONSE Age Defense Creme,1,1,1,1,1
Moisturizer,THIRSTYMUD™ Hydrating Treatment,1,1,1,1,0
Moisturizer,Honey Drop Lightweight Moisturizer with Echinacea GreenEnvy™,1,1,1,1,1
Moisturizer,Water Drench Hyaluronic Cloud Cream,1,1,1,1,1
Moisturizer,Vintage Single Extract Essence,1,1,1,1,0
Moisturizer,Confidence in a Cream™ Transforming Moisturizing Super Cream,1,1,1,1,1
Moisturizer,Black Tea Corset Cream Firming Moisturizer,0,0,0,0,0
Moisturizer,Crème Ancienne®,1,1,1,1,1
Moisturizer,Hello FAB Coconut Skin Smoothie Priming Moisturizer,1,1,1,1,1
Moisturizer,Secret Sauce Clinically Advanced Miraculous Anti-Aging Moisturizer,1,1,1,1,1
Moisturizer,Benefiance WrinkleResist24 Day Cream Broad Spectrum SPF 18,0,1,1,0,0
Moisturizer,Rose Floral Toner,0,0,0,0,0
Moisturizer,High-Potency Night-a-Mins™ Oil-Free Resurfacing Cream with Fruit-Derived AHAs,0,0,1,1,0
Moisturizer,Amazonian Clay BB Tinted Moisturizer Broad Spectrum SPF 20 Sunscreen,0,0,0,0,0
Moisturizer,Moisture Surge Intense Skin Fortifying Hydrator,1,1,0,0,0
Moisturizer,Argan Daily Moisturizer SPF 47,1,1,1,1,1
Moisturizer,Water Bank Essence,1,1,1,1,1
Moisturizer,Double-Duty Face Moisturizer Broad Spectrum SPF 20,0,0,0,0,0
Moisturizer,Watermelon Pink Juice Moisturizer,1,0,1,1,1
Moisturizer,The Concentrate Mini,0,0,0,0,0
Moisturizer,The Moisturizing Cool Gel Cream,1,1,1,1,1
Moisturizer,Renewed Hope in A Jar Refreshing & Refining Moisturizer,1,1,1,1,1
Moisturizer,Cold Plasma Sub-D Firming Neck Treatment,1,1,1,1,1
Moisturizer,Rénergie Lift Multi-Action Night,1,1,1,1,1
Moisturizer,GENIUS Ultimate Anti-Aging Cream,1,1,1,1,1
Moisturizer,Your Skin But Better™ CC+ Airbrush Perfecting Powder™ with SPF 50+,0,0,0,0,0
Moisturizer,Cicapair™ Tiger Grass Cream,1,1,1,1,1
Moisturizer,Dramatically Different Hydrating Jelly,1,0,1,1,1
Moisturizer,Whipped Argan Oil Face Butter,1,1,1,1,1
Moisturizer,Nurture Me™ Moisturizing Crème,0,1,0,0,1
Moisturizer,Benefiance WrinkleResist24 Balancing Softener Enriched,0,0,0,0,0
Moisturizer,Sleep Tight Firming Night Balm with Echinacea GreenEnvy™,1,1,1,1,1
Moisturizer,Original Skin™ Matte Moisturizer with Willowherb,0,1,1,1,0
Moisturizer,Phoenix Cell Regenerating Facial Oil,0,1,0,0,1
Moisturizer,Invigorating Night Transformation™ Gel,1,1,1,1,1
Moisturizer,Aqua Bomb Sleeping Mask,1,1,1,1,1
Moisturizer,Charlotte's Magic Cream Mini,0,0,0,0,0
Moisturizer,Superfood Air-Whip Hyaluronic Acid Moisture Cream,1,0,1,1,1
Moisturizer,Facial Treatment Essence Karan Singh Limited Edition,0,0,0,0,0
Moisturizer,The Indigo Cream Soothing Skin Protectant,1,1,1,1,1
Moisturizer,Super Multi-Corrective Cream,0,0,0,0,0
Moisturizer,Squalane + Omega Repair Cream,1,1,1,0,1
Moisturizer,Bio-Performance Advanced Super Restoring Cream,0,0,0,0,0
Moisturizer,High-Potency Night-a-Mins™ Resurfacing Cream with Fruit-Derived AHAs,0,1,1,0,0
Moisturizer,Benefiance WrinkleResist24 Day Emulsion Broad Spectrum SPF 18,0,0,0,0,0
Moisturizer,Mist & Fix Setting Spray,0,0,0,0,0
Moisturizer,Bye Bye Redness™ Neutralizing Correcting Cream,0,0,0,0,0
Moisturizer,Daily Reviving Concentrate,1,1,1,1,1
Moisturizer,BB Cream SPF 35,1,0,1,1,0
Moisturizer,Vitamin C Glow Moisturizer,1,0,1,1,1
Moisturizer,Wild Rose + Vitamin C Advanced Brightening Sleeping Facial,1,1,1,1,1
Moisturizer,Vitamin Nectar Antioxidant Face Mist,0,0,0,0,0
Moisturizer,Peat Miracle Revital Cream,1,1,1,0,0
Moisturizer,Superberry Hydrate + Glow Oil,1,1,1,0,1
Moisturizer,Hydro-Dynamic® Ultimate Moisture,0,0,0,0,0
Moisturizer,Miracle Water 3-in-1 Micellar Cleanser,1,1,1,1,1
Moisturizer,Drink of H2O Hydrating Boost Moisturizer Rainforest of the Sea™,1,1,1,1,1
Moisturizer,Photo Finish Primer Water,1,1,1,1,1
Moisturizer,Ultra Repair Hydra-Firm Sleeping Cream,1,1,1,1,1
Moisturizer,Retinol Youth Renewal Night Cream,1,1,1,1,1
Moisturizer,Nutritious Vitality8™ Radiant Moisture Creme,0,0,0,0,0
Moisturizer,The Essence Plumping Skin Softener,1,1,1,1,1
Moisturizer,Midnight Secret Late Night Recovery Treatment,1,1,1,1,1
Moisturizer,Squalane + Probiotic Gel Moisturizer,1,1,1,1,1
Moisturizer,Capture Dreamskin Fresh & Perfect Cushion Broad Spectrum SPF 50,0,0,0,0,0
Moisturizer,Photo Finish Primerizer,1,1,1,1,0
Moisturizer,A Perfect World™ SPF 40 Age-Defense Moisturizer with White Tea,1,1,1,1,1
Moisturizer,Noni Glow Face Oil,1,1,1,1,1
Moisturizer,Water Bank Hydrating Gel,1,0,1,1,1
Moisturizer,GenOptics Spot Essence Serum,1,1,1,1,1
Moisturizer,Ferulic + Retinol Anti-Aging Moisturizer,1,1,1,1,1
Moisturizer,Evercalm™ Overnight Recovery Balm,1,1,1,1,1
Moisturizer,Oil-Control Mattifier SPF 15 PA++,1,0,0,1,0
Moisturizer,Counter Balance™ Oil Control Hydrator,1,0,0,1,0
Moisturizer,Capture Totale Dreamskin Advanced,1,1,1,1,1
Moisturizer,Ultra Facial Oil-Free Gel-Cream,1,0,1,0,0
Moisturizer,Ultra Repair® Hydrating Serum,1,1,1,1,1
Moisturizer,Dr. Andrew Weil For Origins™ Mega-Bright SPF 30 Skin Tone Correcting Oil-Free Moisturizer,1,1,1,1,0
Moisturizer,100% Squalane Oil,1,1,1,1,1
Moisturizer,Ultra Repair Face Moisturizer,1,1,1,1,1
Moisturizer,Skin Perfecting Lotion - Blemish Prone/Oily Skin,1,0,1,1,0
Moisturizer,Abeille Royale Youth Watery Oil,1,1,1,1,0
Moisturizer,Black Tea Age-Delay Cream,0,1,1,0,0
Moisturizer,Plantscription™ SPF 25 Power Anti-Aging Cream,1,1,1,0,1
Moisturizer,The Moisturizing Soft Lotion,1,1,1,1,1
Moisturizer,Acne Solutions BB Cream Broad Spectrum SPF 40,1,0,0,1,0
Moisturizer,Benefiance WrinkleResist24 Night Emulsion,0,0,0,0,0
Moisturizer,Resveratrol Lift Night Infusion Cream,1,1,1,1,1
Moisturizer,ABSOLUE PREMIUM ßx – Absolute Replenishing Cream SPF 15 Sunscreen,0,0,0,0,0
Moisturizer,Essential-C Day Moisture Broad Spectrum SPF 30 PA+++,1,1,1,1,1
Moisturizer,Moisture Surge CC Cream Hydrating Colour Corrector Broad Spectrum SPF 30,0,0,0,0,0
Moisturizer,Coconut Melt,1,1,1,1,1
Moisturizer,Future Solution LX Total Regenerating Cream,1,1,1,1,1
Moisturizer,Multi-Active Night Cream - Normal to Combination Skin,1,0,1,1,0
Moisturizer,Volcanic Elixir Polynesian Beauty Oil,0,0,0,0,0
Moisturizer,Maracuja Oil,0,0,0,0,0
Moisturizer,Ibuki Refining Moisturizer,0,0,0,0,0
Moisturizer,Ibuki Refining Moisturizer Enriched,1,1,1,1,0
Moisturizer,The Renewal Oil Mini,1,1,1,1,1
Moisturizer,Tech Neck Prevention Kit,0,0,0,0,0
Moisturizer,The Method: Nourish,1,1,1,1,1
Moisturizer,BIENFAIT MULTI-VITAL NIGHT - High Potency Night Moisturizing Cream VITA-NUTRI 8™,0,0,0,0,0
Moisturizer,Gold Camellia Beauty Oil,1,1,1,1,1
Moisturizer,Ferulic + Retinol Wrinkle Recovery Overnight Serum,1,1,1,1,1
Moisturizer,Camera Ready CC Cream Broad Spectrum SPF 30 Dark Spot Correcting,1,1,1,1,1
Moisturizer,Immortelle Divine Cream,0,0,0,0,0
Moisturizer,Advanced Time Zone Night Age Reversing Line/Wrinkle Crème,0,0,0,0,0
Moisturizer,Oil Free Moisturizer,1,0,1,1,0
Moisturizer,CC Cream Daily Correct Broad Spectrum SPF 35+ Sunscreen,1,1,1,1,1
Moisturizer,Overnight Restorative Cream,0,0,0,0,0
Moisturizer,GinZing™ SPF 40 Energy-Boosting Tinted Moisturizer,1,1,1,1,0
Moisturizer,Premier Cru Cream,1,1,1,1,1
Moisturizer,Resveratrol Lift Face Lifting Soft Cream,1,1,1,0,1
Moisturizer,White Lucent MultiBright Night Cream,1,1,1,1,0
Moisturizer,C+ Collagen Deep Cream,0,1,1,0,1
Moisturizer,Wild Rose Vitamin C Active Brightening Oil,1,1,1,1,1
Moisturizer,Limited Edition Dramatically Different™ Moisturizing Gel,1,0,0,1,0
Moisturizer,Waterfall Glacier Water Cream,1,1,1,1,1
Moisturizer,Bio-Performance Glow Revival Cream,0,0,0,0,0
Moisturizer,Sleeping Mask,0,0,0,0,0
Moisturizer,Hungarian Water Essence,0,0,0,0,0
Moisturizer,100 percent Pure Argan Oil Light,1,1,0,1,1
Moisturizer,Cooling Water,1,1,1,1,1
Moisturizer,"Resilience Lift Firming/Sculpting Face and Neck Creme Broad Spectrum SPF 15, Normal/Combination Skin",0,0,0,0,0
Moisturizer,Resilience Lift Night Lifting/Firming Face and Neck Creme,1,1,1,1,0
Moisturizer,Truth Revealed™ Brightening Broad Spectrum SPF 15 Moisturizer,1,1,1,1,1
Moisturizer,Capture Totale Multi-Perfection Creme,0,0,0,0,0
Moisturizer,Moisture Surge Hydrating Supercharged Concentrate,1,1,1,1,1
Moisturizer,Miraculous Anti-wrinkle Miracle Worker,1,1,1,1,1
Moisturizer,Ultra Facial Overnight Hydrating Mask,1,1,1,1,1
Moisturizer,Cellumination Cream EX,1,1,1,1,1
Moisturizer,BIENFAIT MULTI-VITAL - SPF 30 CREAM - High Potency Vitamin Enriched Daily Moisturizing Cream,0,0,0,0,0
Moisturizer,Vine[activ] Overnight Detox Oil,1,1,1,1,1
Moisturizer,Extra-Firming Neck Anti-Wrinkle Rejuvenating Cream,1,1,1,1,1
Moisturizer,MOISTURE BOUND Rejuvenating Crème,1,1,1,0,1
Moisturizer,Crème Ancienne® Soft Cream,0,0,0,0,0
Moisturizer,BB Crème au Ginseng,1,1,1,1,1
Moisturizer,Black Label Detox BB Beauty Balm,1,0,1,0,1
Moisturizer,SUBLIME DEFENSE Ultra Lightweight UV Defense Fluid SPF 50,0,0,0,0,0
Moisturizer,Renewed Hope in A Jar Overnight Recharging & Refining Moisturizer,1,1,1,1,1
Moisturizer,Argan Cleansing Oil,1,1,1,1,1
Moisturizer,Anti-Aging Moisturizer SPF 30 PA+++,0,0,0,0,0
Moisturizer,Moisture Surge Overnight Mask,0,0,0,0,0
Moisturizer,Ultra Facial Moisturizer,1,1,1,1,1
Moisturizer,Honey Savior All-in-One Skin Repair Salve with Echinacea GreenEnvy™ Honey,1,1,1,0,1
Moisturizer,Ultimate Miracle Worker Multi-Rejuvenating Cream SPF 30,1,1,1,0,0
Moisturizer,Treatment Toner,1,1,1,1,1
Moisturizer,Take The Day Off Cleansing Oil,0,0,0,0,0
Moisturizer,Bio-Performance LiftDynamic Cream,1,1,1,1,1
Moisturizer,Vinosource Intense Moisture Rescue Cream,1,1,1,1,1
Moisturizer,Capture Totale Multi-Perfection Creme Refill,0,0,0,0,0
Moisturizer,Wrinkle Warrior™ 2-in-1 Plumping Moisturizer + Serum,1,1,1,1,0
Moisturizer,Hyaluronic Marine Oil-Free Moisture Cushion,1,1,1,1,1
Moisturizer,Advanced Night Repair Intensive Recovery Ampoules,1,1,1,1,1
Moisturizer,Smart Night Custom-Repair Moisturizer - Very Dry to Dry,0,0,0,0,0
Moisturizer,Nutrient-Charged Water Gel,1,1,1,1,1
Moisturizer,Lingerie de Peau BB Cream,1,1,1,1,1
Moisturizer,Prime Time BB Tinted Primer Broad Spectrum SPF 30,0,0,0,0,0
Moisturizer,MOISTURE BOUND Refreshing Hydra-Gel Oil-Free,1,1,1,0,1
Moisturizer,Orchid Youth-Preserving Facial Oil,0,0,1,0,1
Moisturizer,Instant Moisturizer + Cream,0,0,0,0,0
Moisturizer,Hydra-Essentiel Silky Cream - Normal to Dry Skin,0,1,1,0,1
Moisturizer,Revitalizing Supreme+ Global Anti-Aging Cell Power Creme SPF 15,1,1,1,1,1
Moisturizer,4-in-1 Setting Mist - Rainforest of the Sea™ Collection,0,0,0,0,0
Moisturizer,Hello FAB Coconut Water Cream,1,0,1,1,1
Moisturizer,Do Not Age with Dr. Brandt Moisturizing Neck Cream,1,1,1,1,0
Moisturizer,Water Bank Dual Layer Face Oil,1,1,1,0,0
Moisturizer,Ibuki Beauty Sleeping Mask,1,1,1,1,0
Moisturizer,Colored Clay CC Undereye Corrector,0,0,0,0,0
Moisturizer,VOLCASMIC™ Matte Glow Moisturizer,1,0,1,1,0
Moisturizer,Rénergie Lift Multi-Action Sunscreen Broad Spectrum SPF 15 For All Skin Types,1,1,1,1,1
Moisturizer,Squalane + Antioxidant Cleansing Oil,1,1,1,1,1
Moisturizer,Your Skin But Better CC+ Illumination Cream with SPF 50+,0,0,0,0,0
Moisturizer,Plantscription™ Youth-Renewing Power Night Cream,1,1,1,1,1
Moisturizer,Énergie de Vie The Smoothing & Plumping Water-Infused Cream,1,1,1,1,1
Moisturizer,ExfoliKate Glow Moisturizer,1,1,1,1,0
Moisturizer,Jelly Pack,1,1,1,1,1
Moisturizer,RetAsphere™ 2-in-1 Retinol Night Cream,1,1,1,1,0
Moisturizer,High Potency Classics: Face Finishing & Firming Moisturizer,1,1,1,0,1
Moisturizer,Lock-It Makeup Setting Mist,0,0,0,0,0
Moisturizer,Capture Totale Intensive Night Restorative Crème,0,0,0,0,0
Moisturizer,Vitamin C Ester Photo-Brightening Moisturizer SPF 30,0,0,0,0,0
Moisturizer,Argan Infinity Cream Intensive Creamy Oil,1,1,1,0,1
Moisturizer,Repairative Moisturizer,0,1,0,0,0
Moisturizer,Ibuki Protective Moisturizer Broad Spectrum SPF 18,0,0,0,0,0
Moisturizer,Water Drop Hydrating Moisturizer,1,1,1,1,1
Moisturizer,Moon Fruit Superfruit Night Treatment,1,1,1,1,1
Moisturizer,Visionnaire Advanced Multi-Correcting Cream,1,1,1,1,1
Moisturizer,Benefiance NutriPerfect Night Cream,0,0,0,0,0
Moisturizer,Premier Cru Rich Cream,1,1,1,1,1
Moisturizer,Clean Break™ Oil-Free Moisturizer,1,0,1,1,1
Moisturizer,Hydra Zen Anti-Stress Gel Moisturizer,1,1,1,1,1
Moisturizer,Even Better Skin Tone Correcting Moisturizer Broad Spectrum SPF 20,0,0,0,0,0
Moisturizer,"DayWear Advanced Multi-Protection Anti-Oxidant Creme, Normal/Combination",0,0,0,0,0
Moisturizer,5 in 1 Face Cream SPF 30,1,1,1,1,1
Moisturizer,Mega Rich Intensive Anti-Aging Cellular Creme,0,0,0,0,0
Moisturizer,Hydrating Face Cream Moisturizer,0,0,0,0,0
Moisturizer,Superdefense SPF 20 Age Defense Moisturizer Very Dry to Dry Combination,0,0,0,0,0
Moisturizer,Rose Hibiscus Coconut Water Hydrating Face Mist,1,1,1,1,1
Moisturizer,Retinoic Nutrient Face Oil,1,1,1,1,1
Moisturizer,Intensive Instant Moisturizer + Cream,0,0,0,0,0
Moisturizer,Limited Edition Dramatically Different Moisturizing Lotion+™,1,1,0,0,0
Moisturizer,Hope In A Jar,1,1,1,1,1
Moisturizer,Facial Treatment Oil,0,0,0,0,0
Moisturizer,Ultra Facial Cream SPF 30,1,1,1,1,1
Moisturizer,Capture Youth Age-Delay Advanced Crème,1,1,1,1,1
Moisturizer,Repairwear Laser Focus Night Line Smoothing Cream for Very Dry to Dry Combination Skin,0,0,0,0,0
Moisturizer,Maracuja Neck Treatment,0,0,0,0,0
Moisturizer,DREAMDUO™ Overnight Transforming Treatment,1,1,1,1,0
Moisturizer,POWER Recharging Night Pressed Serum,1,1,1,1,1
Moisturizer,ABSOLUE PREMIUM ßx - Absolute Replenishing Lotion SPF 15 Sunscreen,0,0,0,0,0
Moisturizer,Ultra Facial Deep Moisture Balm,0,1,1,0,0
Moisturizer,Firming & Lifting Neck Cream,0,0,0,0,0
Moisturizer,White Lucent All Day Brightener Broad Spectrum SPF 23 Moisturizer,1,1,1,0,0
Moisturizer,Featherweight Daily Moisturizing Cream,1,1,1,1,1
Moisturizer,The Moisturizing Matte Lotion,0,0,1,1,0
Moisturizer,Jasmine Green Tea Balancing Toner,1,0,0,1,1
Moisturizer,Super Restorative Night Age Spot Correcting Replenishing Cream,0,0,0,0,0
Moisturizer,Goat Milk Moisturizing Cream,1,1,1,1,1
Moisturizer,Face Hero,1,1,1,1,1
Cleanser,T.L.C. Sukari Babyfacial™,1,1,1,1,0
Cleanser,T.L.C. Framboos™ Glycolic Night Serum,1,1,1,1,0
Cleanser,Soy Face Cleanser,0,0,0,0,0
Cleanser,Green Clean Makeup Meltaway Cleansing Balm with Echinacea GreenEnvy™,1,1,1,1,1
Cleanser,Purity Made Simple Cleanser,1,1,1,1,1
Cleanser,Tonique Confort Re-Hydrating Comforting Toner with Acacia Honey,0,0,0,0,0
Cleanser,Rose Deep Hydration Facial Toner,0,0,0,0,0
Cleanser,The Rice Polish Foaming Enzyme Powder,1,1,1,1,1
Cleanser,Take The Day Off Cleansing Balm,1,1,1,1,1
Cleanser,Calendula Herbal Extract Alcohol Free Toner,0,0,0,0,0
Cleanser,Bi-Facil Double-Action Eye Makeup Remover,0,0,0,0,0
Cleanser,Cleansing & Exfoliating Wipes,0,0,0,0,0
Cleanser,The Deep Cleanse,1,0,1,1,1
Cleanser,Face Cleanser,1,1,1,1,1
Cleanser,Checks and Balances™ Frothy Face Wash,1,1,1,1,1
Cleanser,Facial Cotton,0,0,0,0,0
Cleanser,ExfoliKate® Intensive Exfoliating Treatment,1,1,1,1,0
Cleanser,The Cleansing Foam,0,0,0,0,0
Cleanser,MakeUp-BreakUp Cool Cleansing Oil,1,1,1,1,1
Cleanser,Beste™ No. 9 Jelly Cleanser,1,0,1,1,1
Cleanser,Purifying Cleansing Gel,1,0,1,1,1
Cleanser,Balancing Force™ Oil Control Toner,1,1,1,1,1
Cleanser,Treatment Enzyme Peel,1,1,1,1,1
Cleanser,"Take The Day Off Makeup Remover For Lids, Lashes & Lips",0,0,0,0,0
Cleanser,Facial Treatment Clear Lotion Toner,1,1,1,1,1
Cleanser,Sugar Face Polish Exfoliator,0,0,0,0,0
Cleanser,Cleanser,1,1,1,1,1
Cleanser,ExfoliKate® Cleanser Daily Foaming Wash,0,0,0,0,0
Cleanser,Superfood Antioxidant Cleanser,0,0,0,0,0
Cleanser,The Clean Truth™ Foaming Cleanser,1,1,1,1,1
Cleanser,Detoxifying Black Charcoal Cleanser,1,0,1,1,1
Cleanser,Transforming Walnut Scrub,1,1,1,1,1
Cleanser,Waterproof Eye Makeup Remover,0,0,0,0,0
Cleanser,Calendula Deep Clean Foaming Face Wash,1,1,1,1,1
Cleanser,Facial Treatment Cleanser,1,1,1,1,1
Cleanser,microdermabrasion age defying exfoliator,1,1,1,1,0
Cleanser,Liquid Facial Soap,1,1,1,1,1
Cleanser,Regenerating Cleanser,1,1,1,1,0
Cleanser,Squalane + Glycolic Renewal Facial,1,1,1,1,0
Cleanser,Instant Foaming Cleanser,1,1,1,1,1
Cleanser,Greek Yoghurt Foaming Cream Cleanser,1,1,1,1,1
Cleanser,Knockout Tingling Treatment,0,0,0,0,0
Cleanser,Moisturizing Toner,1,1,1,1,1
Cleanser,Ultra Facial Cleanser,1,1,1,1,1
Cleanser,Clarifying Lotion 2,0,0,0,0,0
Cleanser,Ultra Facial Toner,1,1,1,1,1
Cleanser,Benefiance Extra Creamy Cleansing Foam,1,1,1,1,0
Cleanser,Baby Pekee Bar™ + Juju Bar Travel Duo,1,1,1,1,0
Cleanser,Cleansing & Exfoliating Wipes - Coconut Water,0,0,0,0,0
Cleanser,White Lucent Brightening Cleansing Foam,0,0,0,0,0
Cleanser,YOUTHMUD™ Tinglexfoliate Treatment,1,1,1,1,0
Cleanser,Ceramic Slip Cleanser,1,1,1,1,0
Cleanser,Anti-Aging Cleansing Gel,0,0,0,0,0
Cleanser,Vinopure Natural Salicylic Acid Pore Minimizing Toner,1,0,1,1,1
Cleanser,Clarifying Cleanser,1,1,1,1,1
Cleanser,The Original MakeUp Eraser® Makeup Remover Cloth,0,0,0,0,0
Cleanser,Clear Complexion Cleanser,1,1,1,1,1
Cleanser,The Tonic,1,1,1,1,1
Cleanser,Sens’Eyes - Waterproof Sensitive Eye Cleanser,0,0,0,0,0
Cleanser,EradiKate® Daily Cleanser Acne Treatment,1,0,1,1,0
Cleanser,Exfoliating Peel Gel,1,1,1,1,1
Cleanser,Bye Bye Makeup™ 3-in-1 Makeup Melting Cleansing Balm,1,1,1,1,1
Cleanser,The Microdelivery Exfoliating Facial Wash,1,1,1,1,1
Cleanser,Treatment Cleansing Foam,1,0,1,1,0
Cleanser,Clean Bee Ultra Gentle Facial Cleanser,1,1,1,1,1
Cleanser,Acne Solutions Cleansing Foam,1,1,1,1,0
Cleanser,Pekee Bar™,1,1,1,1,1
Cleanser,Nutritious Radiant Vitality Energy Lotion,0,0,0,0,0
Cleanser,Ready Steady Glow Daily AHA Tonic,1,1,1,1,1
Cleanser,The Method: Polish,1,0,1,0,0
Cleanser,AHA/BHA Exfoliating Cleanser,0,0,0,0,0
Cleanser,Multi Cleanser,1,1,1,1,1
Cleanser,Gentle Foaming Cleanser with Cottonseed,1,0,1,0,0
Cleanser,Ibuki Gentle Cleanser,0,0,0,0,0
Cleanser,Ceramidin™ Liquid,1,1,1,0,1
Cleanser,Exfoliating Scrub,1,0,0,1,0
Cleanser,Micellar Cleansing Water,1,1,1,1,1
Cleanser,JuJu Bar,1,1,1,1,0
Cleanser,GinZing™ Refreshing Scrub Cleanser,1,1,1,1,1
Cleanser,Pore-Balance™ Facial Sauna Scrub,1,0,0,1,0
Cleanser,Blackhead Solutions Self-heating Blackhead Extractor,1,1,1,1,1
Cleanser,Blueberry Bounce Gentle Cleanser,1,1,1,1,1
Cleanser,Toning Lotion with Camomile,1,1,1,0,1
Cleanser,Flawless Skin Face Polish,0,0,0,0,0
Cleanser,Green Tea Real Fresh Foam Cleanser,1,1,1,1,1
Cleanser,FLASHMUD™ Brightening Treatment,1,1,1,1,0
Cleanser,Time Release Acne Cleanser,1,1,1,1,1
Cleanser,CoQ-10 Toner,1,1,1,1,1
Cleanser,Pure Clean Daily Facial Cleanser,0,0,0,0,0
Cleanser,Acne Solutions Clarifying Lotion,1,1,1,1,0
Cleanser,Rare Earth Deep Pore Daily Cleanser,1,0,1,1,1
Cleanser,Rose Deep Hydration Toner Mini,0,0,0,0,0
Cleanser,Clarifying Lotion 3,0,0,0,0,0
Cleanser,Confidence in a Cleanser™ Skin-Transforming Hydrating Cleansing Serum,1,1,1,1,1
Cleanser,Rinse-Off Foaming Cleanser,0,0,0,0,0
Cleanser,Witch Hazel Herbal Extract Toner,0,0,0,0,0
Cleanser,Purifying Cleanser,1,1,1,1,1
Cleanser,Midnight Recovery Botanical Cleansing Oil,1,1,1,1,1
Cleanser,Epidermal Re-Texturizing Micro-Dermabrasion,1,1,1,1,0
Cleanser,Alpha Beta® Pore Perfecting Cleansing Gel,1,1,1,1,1
Cleanser,Essential Power Skin Toner for Normal to Dry Skin,1,1,1,0,1
Cleanser,Crème Radiance Gentle Cleansing Creamy-Foam Cleanser,0,0,0,0,0
Cleanser,Truth™ On the Glow Cleansing Cloths,1,1,1,1,1
Cleanser,One-Step Gentle Exfoliating Cleanser with Orange Extract,1,1,1,1,0
Cleanser,Cleansing Spa Water Makeup Remover,0,0,0,0,0
Cleanser,Face Buff Energizing Scrub,0,0,0,0,0
Cleanser,Brightening Cleanser,1,1,1,1,1
Cleanser,The Cleansing Foam Mini,0,0,0,0,0
Cleanser,Cleansing Wipes - Watermelon - Hydrating,0,0,0,0,0
Cleanser,Deep Cleansing Exfoliator,1,1,1,1,1
Cleanser,Evercalm™ Gentle Cleansing Milk,1,1,1,1,1
Cleanser,SUPERCLEANSE™ Clearing Cream-to-Foam Cleanser,1,0,1,1,0
Cleanser,Essential-C Cleanser,0,0,0,0,0
Cleanser,Face the Truth™ Gel Cleanser,1,1,1,1,1
Cleanser,Cleansing Wipes - Rose - Moisturizing,0,0,0,0,0
Cleanser,The Cleansing Gel,0,0,0,0,0
Cleanser,Cleansing Spa Water Cloths,0,0,0,0,0
Cleanser,Find Your Balance™ Oil Control Cleanser,1,0,0,1,0
Cleanser,Pep-Start 2-in-1 Exfoliating Cleanser,1,1,1,1,0
Cleanser,FAB Skin Lab Resurfacing Liquid 10% AHA,1,1,1,1,1
Cleanser,Wild Rose Foaming Cream Cleanser,1,1,1,1,1
Cleanser,Cleansing & Exfoliating Wipes - Green Tea,0,0,0,0,0
Cleanser,White Lucent Luminizing Infuser,1,1,1,1,0
Cleanser,MOUSSE RADIANCE Clarifying Self-Foaming Cleanser,0,0,0,0,0
Cleanser,Nourishing Oil Cleanser,1,1,1,1,1
Cleanser,Radiance Cleansing Foam,0,0,0,0,0
Cleanser,Deep Dive™ Glycolic Facial Cleanser,0,0,0,0,0
Cleanser,Soothing Face Cleanser Oil,0,0,0,0,0
Cleanser,Exfoliating Wipes - Charcoal - Detoxifying,0,0,0,0,0
Cleanser,Perfect Cleansing Oil,0,0,0,0,0
Cleanser,Deep Dive Cleansing Gel Rainforest of the Sea™,0,0,0,0,0
Cleanser,7 Day Scrub Cream Rinse-Off Formula,0,0,0,0,0
Cleanser,Take The Day Off Micellar Cleansing Towelettes for Face & Eyes,0,0,0,0,0
Cleanser,Cleansing & Clarifying Duo,0,0,0,0,0
Cleanser,Dermaclear™ Micro Water,1,1,1,1,1
Cleanser,Skin Rescue Deep Cleanser With Red Clay,1,1,1,1,1
Cleanser,The Future is Female Peppermint Blotting Linens,1,1,1,1,1
Cleanser,Gentle Cleansing Milk,1,1,1,1,1
Cleanser,Make-Up Removing Cleansing Oil,1,1,1,1,1
Cleanser,Rinse-Off Eye Makeup Solvent,0,0,0,0,0
Cleanser,Dermaclear™ Micro Foam Cleanser,0,0,0,0,0
Cleanser,Soy Face Cleansing Milk,1,1,1,1,1
Cleanser,Moisturizing Foam Cleanser,1,1,1,0,1
Cleanser,Seaberry Skin Nutrition Cleansing Oil,0,0,0,0,0
Cleanser,Pureness Deep Cleansing Foam,1,1,1,1,1
Cleanser,PoreDermabrasion™ Pore Perfecting Exfoliator,1,0,1,1,0
Cleanser,Essential Power Skin Toner for Combination to Oily Skin,1,0,0,1,0
Cleanser,Diamondbuff by Bee Stunning,0,0,0,0,0
Cleanser,Shea Cleansing Oil,0,0,0,0,0
Cleanser,Aburatorigami Japanese Blotting Papers,1,1,1,1,1
Cleanser,Multi-Miracle Glow Cleansing Balm,1,1,1,1,1
Cleanser,Zero Oil™ Deep Pore Cleanser,0,0,0,0,0
Cleanser,Tonique Douceur Softening Hydrating Toner with Rose Water,0,0,0,0,0
Cleanser,Bamboo Charcoal Detoxifying Soap Bar,1,0,1,1,0
Cleanser,Clarifying Toner,0,0,0,0,0
Cleanser,A Perfect World™ Age-Defense Treatment Lotion with White Tea,0,0,0,0,0
Cleanser,Coconut Rose Toner,1,1,1,1,1
Cleanser,Micellar Cleansing Water & Milk,1,1,1,1,1
Cleanser,The Method: Polish Blemish Control,1,0,1,1,0
Cleanser,Micellar Cleansing Water & Milk - Pomegranate,1,1,1,1,1
Cleanser,Zero Oil™ Pore Purifying Toner,0,0,0,0,0
Cleanser,Martian Mattifying Melting Water-Gel Toner,1,0,1,1,1
Cleanser,Purity Made Simple One-Step Facial Cleansing Cloths,0,0,0,0,0
Cleanser,Rub-A-Dub Refining Peel Gel,1,1,1,1,1
Cleanser,Turmeric Brightening Polish,1,1,1,1,1
Cleanser,Ultimate Miracle Worker Multi-Rejuvenating Retinol + Superfood Oil and Pads,1,1,1,1,1
Cleanser,Detox Daily Cleanser,1,0,1,1,0
Cleanser,Mascara Melt Off Cleansing Oil,0,0,0,0,0
Cleanser,Plantscription™ Anti-Aging Cleanser,0,0,0,0,0
Cleanser,Cleansing Wipes - Cucumber - Anti-fatigue,0,0,0,0,0
Cleanser,Ibuki Softening Concentrate,0,0,0,0,0
Cleanser,United State™ Balancing Tonic,0,0,0,0,0
Cleanser,Black Charcoal Blotting Linens,0,0,0,0,0
Cleanser,Blue Moon Tranquility Cleansing Balm,0,0,0,0,0
Cleanser,Future Solution LX Extra Rich Cleansing Foam,1,1,1,1,1
Cleanser,Creamy Cleansing Foam Moist,0,0,0,0,0
Cleanser,New Day Gentle Exfoliating Grains,1,1,1,1,1
Cleanser,Cucumber Herbal Alcohol-Free Toner,0,1,0,0,1
Cleanser,Oil Control Blotting Paper,1,1,1,1,1
Cleanser,Rise + Shine Gentle Cleanser,1,1,1,1,1
Cleanser,Problem Solution Toner,0,0,0,1,1
Cleanser,8% Glycolic Solutions Toner,1,1,1,1,1
Cleanser,Matcha Toner,1,1,1,1,1
Cleanser,Blackhead Solutions 7 Day Deep Pore Cleanse & Scrub,1,1,1,1,1
Cleanser,Acne Clearing Wash,1,1,1,1,1
Cleanser,Rose Cleansing Foam,1,1,1,1,1
Cleanser,OIL OBSESSED™ Total Cleansing Oil,1,1,1,1,0
Cleanser,Bergamot Herbal Extract Toner,0,0,0,0,0
Cleanser,Essential-C Toner,0,0,0,0,0
Cleanser,High Potency Classics: Nutritive Cleanser,1,1,1,1,1
Cleanser,Renewing Cleansing Cream,0,0,0,0,0
Cleanser,YOUTHCLEANSE™ Daily Exfoliating Cleanser,1,0,1,1,0
Cleanser,Instant Eye Makeup Remover,1,1,1,1,1
Cleanser,Un-Wrinkle Turbo™ Line Smoothing Toning Lotion,0,0,0,0,0
Cleanser,Exfoilating Wipes - Papaya - Glow,0,0,0,0,0
Cleanser,Rose Floral Toner Mini,0,0,0,0,0
Cleanser,Stay Balanced™ Oil Control Cleansing Cloths,1,0,0,1,0
Cleanser,A Glowing Regimen Trial Set,1,1,1,1,1
Cleanser,Hydra Life Micellar Water No Rinse Cleanser,1,1,1,1,0
Cleanser,Wild Rose Exfoliating Cleanser,1,1,1,1,1
Cleanser,Soft Touch Cotton Pads,0,0,0,0,0
Cleanser,Cleansing Gel Oil Enriched,1,1,1,1,1
Cleanser,Blotting Papers,0,0,0,0,0
Cleanser,No:Rinse Intensive Pore Minimizing Toner,1,1,1,1,1
Cleanser,The Cleansing Oil,1,1,1,1,1
Cleanser,Hydrating Toner,0,0,0,0,0
Cleanser,BUBBLESHEET™ Oxygenating Deep Cleanse Mask,1,1,1,1,0
Cleanser,Clarifying Lotion 1,0,0,0,0,0
Cleanser,3% Glycolic Solutions Cleanser,1,1,1,1,1
Cleanser,Ibuki Purifying Cleanser,1,1,1,1,1
Cleanser,Benefiance WrinkleResist24 Balancing Softener,0,0,0,0,0
Cleanser,Pureness Balancing Softener Alcohol-Free,0,0,0,0,0
Cleanser,Facial Treatment Cleansing Oil,1,1,1,1,1
Cleanser,Pure Revival Peel,1,1,1,1,1
Cleanser,Mega-Mushroom Skin Relief Micellar Cleanser,0,0,0,0,0
Cleanser,Balancing Facial Tonic,0,0,0,0,0
Cleanser,Multi-Perfecting Detoxifying Exfoliator,0,0,0,0,0
Cleanser,Moment of Truth™ 2-in-1 Polishing Sugar Mask,1,1,1,1,1
Cleanser,Clear Complexion Tonic,1,1,1,1,1
Cleanser,Tonique Radiance Clarifying Refining Toner,0,0,0,0,0
Cleanser,Clearly Corrective™ Brightening & Exfoliating Daily Cleanser,1,1,1,1,1
Cleanser,Mattifying Blotting Films,0,0,0,0,0
Cleanser,Pore Reform™ Skin Smoothing Polish,0,0,0,0,0
Cleanser,"Take The Day Off Makeup Remover For Lids, Lashes & Lips Mini",0,0,0,0,0
Cleanser,One Step Acne Eliminating Pads,0,0,0,0,0
Cleanser,3 Muslin Cloths,0,0,0,0,0
Cleanser,Eau Ginseng,0,0,0,0,0
Cleanser,Solid Cleansing Oil,1,1,1,1,1
Cleanser,Prep-N-Glow™ Cloths,1,1,1,1,1
Cleanser,FRXXXTION Stick Exfoliating Cleanser,1,1,1,1,1
Cleanser,Foaming Sonic Facial Soap,0,0,0,0,0
Cleanser,Clarifying Treatment Toner,0,0,0,0,0
Cleanser,Waterproof Eye Make-Up Remover with Soothing Cornflower,0,0,0,0,0
Cleanser,Kate's Mini Must Haves,1,1,1,1,0
Cleanser,Instant Long-Wear Makeup Remover,0,0,0,0,0
Cleanser,Skin Rescue Acne Clearing Charcoal Cleanser with Probiotics,1,1,1,1,1
Cleanser,Purity Made Simple® Facial Cleansing Gel & Eye Makeup Remover,0,0,0,0,0
Cleanser,The Method: Cleanse,1,0,1,0,0
Cleanser,Irish Moor Mud Purifying Cleanser Gel,0,0,0,0,0
Cleanser,Double Mousse Gentle Cleansing Foam,0,0,0,0,0
Cleanser,Fresh Pressed 7-day System with Pure Vitamin C,1,1,1,1,1
Cleanser,GloPRO® Prep Pads Clarifying Skin Cleansing Wipes with Peptides,1,1,1,1,1
Cleanser,Exfoliating Swipeys,1,1,1,1,1
Cleanser,PRE:EMPT SERIES™ Exfoliating Pore Refiner,1,1,1,1,1
Cleanser,POWERMUD™ Dualcleanse Treatment,1,1,1,1,0
Cleanser,Facial Radiance Polish,1,1,1,1,1
Cleanser,Modern Friction™ Cleansing Oil with Radiance-Boosting White & Purple Rice,1,1,1,1,0
Cleanser,The Cleansing Micellar Water,0,0,0,0,0
Cleanser,Gentle Daily Wash,0,0,0,0,0
Cleanser,GENIUS Ultimate Anti-Aging Melting Cleanser,0,0,0,0,0
Cleanser,Gentle Oil-Free Eye Makeup Remover,0,0,0,0,0
Cleanser,Black Magic Set of 2 Makeup Remover Cloths,0,0,0,0,0
Cleanser,So Nurturing™ Cleansing Cloths,0,1,0,0,1
Cleanser,Hydro-Dynamic® Quenching Essence,1,1,1,1,1
Cleanser,Ultra Facial Oil-Free Cleanser,1,0,1,1,0
Cleanser,Fresh Calming Toner,1,1,1,1,0
Cleanser,Wonderfeel™ Double Cleanser,1,1,1,1,1
Cleanser,Cucumber Herbal Conditioning Cleanser,0,1,1,0,1
Cleanser,Extra Rich Cleansing Milk,0,1,0,0,0
Cleanser,Dermaclear™ Trans-Foam Clay Trio,0,0,0,0,0
Cleanser,Vital Treatment Essence for Hydrating,1,1,1,1,1
Cleanser,Perfectly Clean Multi-Action Toning Lotion/Refiner,0,0,0,0,0
Cleanser,Clarifying Lotion 4,0,0,0,0,0
Cleanser,Naturally Gentle Eye Makeup Remover,0,0,0,0,0
Cleanser,C.E.O. C + E Micro-Dissolve Cleansing Oil,1,1,1,1,1
Cleanser,City Block Purifying Charcoal Clay Mask + Scrub,1,1,1,1,1
Cleanser,Umbrian Clay Pore Purifying Face Exfoliator,0,0,0,0,0
Cleanser,Fresh Pressed Renewing Powder Cleanser with Pure Vitamin C,1,1,1,1,1
Cleanser,Rosa Centifolia™ No.1 Purity Cleansing Balm,1,1,1,1,1
Cleanser,Refreshing Cleanser,0,0,0,0,0
Cleanser,Blue Herbal Acne Cleanser Treatment,1,0,0,1,0
Cleanser,Exfoliating Wipes - Pineapple - Smoothing,0,0,0,0,0
Cleanser,Pore Refining Detox Double Cleanse,1,1,1,1,1
Cleanser,Herbal-Infused Micellar Cleansing Water,1,1,1,1,1
Cleanser,Cleansing Wipes - Pomegranate - Energizing,0,0,0,0,0
Cleanser,Refreshing Gel Cleanser,1,1,1,1,1
Cleanser,Invisimatte Blotting Paper,0,0,0,0,0
Cleanser,Facial Soap with Dish,0,0,0,0,0
Cleanser,Hydrating Essence Toner,0,0,0,0,0
Cleanser,Micro Polish Cleanser,0,0,0,0,0
Cleanser,"Kakadu C™ Brightening Daily Cleanser with Vitamins C, A & AHAs",0,0,0,0,0
Treatment,C-Firma™ Day Serum,1,1,1,1,0
Treatment,Good Genes All-In-One Lactic Acid Treatment,1,1,1,1,0
Treatment,Advanced Night Repair Synchronized Recovery Complex II,1,1,1,1,1
Treatment,Truth Serum®,1,1,1,1,1
Treatment,Advanced Génifique Youth Activating Serum Duo,0,0,0,0,0
Treatment,Alpha Beta® Extra Strength Daily Peel,1,1,1,1,0
Treatment,Advanced Génifique Youth Activating Serum,1,1,1,1,1
Treatment,Clearly Corrective™ Dark Spot Solution,1,1,1,1,1
Treatment,The Concentrate,0,0,0,0,0
Treatment,Ultimune Power Infusing Concentrate,1,1,1,1,1
Treatment,SUPERMUD® Activated Charcoal Treatment,1,0,1,1,0
Treatment,B-Hydra™ Intensive Hydration Serum,1,1,1,1,0
Treatment,Alpha Beta® Universal Daily Peel,1,1,1,1,0
Treatment,Truth Serum - Starlight Holiday Edition,1,1,1,1,0
Treatment,NightBright™ Duo,1,1,1,1,1
Treatment,Vinopure Natural Salicylic Acid Pore Minimizing Serum,1,0,1,1,1
Treatment,Skintune Blur Perfecting Primer Serum,0,0,0,0,0
Treatment,C.E.O. Rapid Flash Brightening Serum,1,1,1,1,1
Treatment,Rise + Glow™ Duo,1,1,1,1,1
Treatment,Vinoperfect Radiance Serum,1,1,1,1,1
Treatment,Powerful-Strength Line-Reducing Concentrate 12.5% Vitamin C,1,1,1,1,0
Treatment,Double Serum Complete Age Control Concentrate,1,1,1,1,1
Treatment,The Regenerating Serum,1,1,1,1,1
Treatment,Blue Tansy AHA + BHA Resurfacing Clarity Mask,1,0,1,1,0
Treatment,GENIUS Liquid Collagen,1,1,1,1,1
Treatment,Acne Healing Dots,1,1,1,1,1
Treatment,Potent-C™ Power Serum,1,1,1,1,1
Treatment,Facial Radiance Pads,1,1,1,1,1
Treatment,Ferulic Acid + Retinol Brightening Solution,1,1,1,0,1
Treatment,Rapid Age Spot and Pigment Lightening Serum,1,1,1,1,0
Treatment,D-Bronzi™ Anti-Pollution Sunshine Drops,1,1,1,1,0
Treatment,Vinosource S.O.S Thirst Quenching Serum,1,1,1,0,1
Treatment,Vinoperfect Glycolic Brightening Essence,1,1,1,1,1
Treatment,Perfectionist CP+R Wrinkle Lifting/Firming Serum,0,0,0,0,0
Treatment,The Revitalizing Hydrating Serum,1,1,1,1,1
Treatment,Cicapair™ Tiger Grass Re.Pair Serum,1,1,1,1,1
Treatment,EradiKate™ Acne Treatment,1,1,1,1,0
Treatment,Professional 3% Retinoid Plus,1,1,1,1,0
Treatment,Capture Youth Collection,1,1,1,1,1
Treatment,EGF Serum,1,1,1,1,1
Treatment,The Treatment Lotion,1,1,1,1,1
Treatment,Max Complexion Correction Pads,1,0,1,1,0
Treatment,Glow Cycle Retin-ALT Power Serum,1,1,1,1,0
Treatment,Mega-Mushroom Relief & Resilience Soothing Treatment Lotion Limited Edition,1,1,1,1,1
Treatment,Backlight Priming Filter Face Primer,1,1,1,1,1
Treatment,GRAVITYMUD™ Firming Treatment,1,1,1,1,0
Treatment,Umbrian Clay Pore Purifying Face Mask,0,0,0,0,0
Treatment,Retinol Fusion PM,0,0,0,0,0
Treatment,Squalane + Phyto-Retinol Serum,1,1,1,1,1
Treatment,FIRMx™ Peeling Gel,1,1,1,1,1
Treatment,R.N.A. POWER Anti-Aging Essence Serum,1,1,1,1,1
Treatment,Hydro-Plumping Re-Texturizing Serum Concentrate,0,0,0,0,0
Treatment,Clinique Smart Custom-Repair Serum,1,1,1,1,1
Treatment,One Essential Skin Boosting Super Serum,1,1,1,0,0
Treatment,Mattifying Primer With Anti-Acne Treatment,0,0,0,0,0
Treatment,White Lucent MicroTargeting Spot Corrector,1,1,1,1,0
Treatment,Rose Deep Hydration Face Serum,0,0,0,0,0
Treatment,The Perfecting Treatment,1,1,1,1,1
Treatment,Black Tea Age-Delay Firming Serum,1,1,1,1,1
Treatment,Beauty Shroom™ Exfoliating Acid Potion,1,1,1,1,1
Treatment,Super Spot Remover™ Blemish Treatment Gel,1,1,1,1,1
Treatment,Invisiblur™ Perfecting Shield Broad Spectrum SPF 30 PA+++,1,1,1,1,0
Treatment,Bio-Peel Gauze Peeling - Green Tea,1,1,1,1,1
Treatment,Minus Serum,1,1,1,1,0
Treatment,Visionnaire Advanced Skin Corrector Serum,1,1,1,1,1
Treatment,Prism Exfoliating Glow Potion,1,1,1,1,0
Treatment,Retinol Youth Renewal Serum,1,1,1,1,1
Treatment,Vine[Activ] Vitamin C Anti-Wrinkle Serum,1,1,1,1,1
Treatment,Un-Wrinkle Peel Pads,0,0,0,0,0
Treatment,Vitamin C Ester Brightening Serum,1,1,1,1,1
Treatment,Alpha Beta® Ultra Gentle Daily Peel for Sensitive Skin,0,0,0,0,1
Treatment,Bye Bye Breakout™ Full-Coverage Concealer,1,1,1,1,1
Treatment,D-Scar™ Scar Diminishing Serum,1,1,1,1,1
Treatment,The Microdelivery Resurfacing Peel,0,0,0,0,0
Treatment,Pure Argan Milk™ Intensive Hydrating Treatment,1,1,0,0,1
Treatment,Saturn Sulfur Acne Treatment Mask,1,1,1,1,1
Treatment,Premier Cru Serum,1,1,1,1,1
Treatment,Abeille Royale Daily Repair Serum,0,0,0,0,0
Treatment,Daily Cleanse™ Clear Skin and Breakout Supplement,0,0,0,0,0
Treatment,Acne Solutions Clinical Clearing Gel,1,1,1,1,0
Treatment,Cicapair™ Tiger Grass Camo Drops,1,1,1,1,1
Treatment,Luminous Deep Hydration Firming Serum,0,0,0,0,0
Treatment,Wild Rose 15% Vitamin C Spotless Serum,1,1,1,1,1
Treatment,ELEVATE Advanced Retinol Serum,1,1,1,0,0
Treatment,Capture Totale Dreamskin Advanced Refill,1,1,1,1,1
Treatment,Rapid Relief Acne Spot Treatment,1,0,0,1,0
Treatment,30 Day Treatment,1,1,1,1,1
Treatment,Rejuvenating Serum,1,1,1,1,1
Treatment,Alpha Beta® Medi–Spa Peel,1,1,1,1,0
Treatment,Even Better Clinical Dark Spot Corrector & Optimizer,1,1,1,1,1
Treatment,Lift Serum Intense with Stem Cell Recovery Complex,1,1,1,0,0
Treatment,Cold Plasma+ Face,1,1,1,1,1
Treatment,Capture Youth Glow Booster Age-Delay Illuminating Serum,1,0,1,0,0
Treatment,Skin Love Glow Elixir,0,0,0,0,0
Treatment,Resurfacing Serum,1,1,1,1,1
Treatment,Resveratrol Lift Firming Serum,1,1,1,1,1
Treatment,POWER Advanced Wrinkle Fighter 360° Eye Serum,1,1,1,1,1
Treatment,FAB Skin Lab Retinol Serum 0.25% Pure Concentrate,1,1,1,1,1
Treatment,Active Retinol Renewal Kit,1,1,1,1,0
Treatment,Anti Bac Clearing Lotion,1,0,1,1,0
Treatment,Advanced Génifique Sensitive Antioxidant Serum,1,1,1,1,1
Treatment,Pore Treatment Strips,1,1,1,1,1
Treatment,Water Drench Hyaluronic Cloud Serum,1,1,1,1,1
Treatment,Snow Mushroom Water Serum,1,1,1,1,1
Treatment,Revitalixir™ Recovery Serum,1,1,1,1,1
Treatment,Beauty Shroom™ Plumping Jelly Serum,1,1,1,1,1
Treatment,Protein Booster Skin Serum,1,1,1,1,1
Treatment,Shaping Facial Lift Total V Contouring Serum,1,1,1,1,0
Treatment,needles no more™,1,1,1,1,0
Treatment,White Lucent Luminizing Surge,1,1,1,1,0
Treatment,C+ Collagen Brighten & Firm Vitamin C Serum,1,1,1,1,1
Treatment,Red Jelly Pack,1,1,1,1,1
Treatment,Anti-Aging Primer,0,0,0,0,0
Treatment,Superfood Firm and Brighten Vitamin C Serum,1,1,1,1,1
Treatment,+Retinol Vita C Power Serum,1,1,1,1,0
Treatment,Idealist Pore Minimizing Skin Refinisher,0,0,0,0,0
Treatment,Fresh Pressed Daily Booster with Pure Vitamin C 10%,1,1,1,1,1
Treatment,No Foundation Foundation Serum SPF 30,1,1,1,1,1
Treatment,Turbo Booster C Powder,0,0,0,0,0
Treatment,Espada Acne-Clearing Blue Light Pen,1,1,1,1,1
Treatment,H2 Elemental Energy Hydrating Booster Serum,1,1,1,1,1
Treatment,Power Peel™ Transforming Facial System,1,1,1,1,1
Treatment,Lightstim® for Acne,1,1,1,1,1
Treatment,"Black Pine 3D Sculpting, Firming & Lifting Face Serum",1,1,1,1,1
Treatment,Acne System,1,1,1,1,1
Treatment,Ever-Matte Poreless Priming Perfector,1,0,0,1,0
Treatment,Help Me,0,0,0,0,0
Treatment,Evercalm™ Anti-Redness Serum,1,1,1,1,1
Treatment,Plantscription™ Anti-Aging Power Serum,1,1,1,1,0
Treatment,Younger® Pure Youth Serum with MIMIXYL™,1,1,1,0,0
Treatment,Keep Young And Beautiful™ Instant Firming Beauty Shot,1,1,1,1,1
Treatment,GENIUS Ultimate Anti-Aging Vitamin C+ Serum,1,1,1,1,1
Treatment,Quench Hydrating Face Serum,0,0,0,0,0
Treatment,Watermelon Brightening Serum,1,1,1,1,1
Treatment,Bye Bye Lines Serum™ Advanced Anti-Aging Wrinkle-Smoothing Miracle Concentrate,1,1,1,1,1
Treatment,Eye Lift Firming Treatment,0,0,0,0,0
Treatment,MOISTURE BOUND Rejuvenating Serum,1,1,1,0,1
Treatment,PROfessional Strength 40% Triple Acid Peel,1,1,1,1,0
Treatment,Sunless Tan Anti-Aging Face Serum,1,1,1,1,1
Treatment,Hydra-Essentiel Bi-Phase Serum,1,1,1,1,1
Treatment,Original Skin™ Renewal Serum with Willowherb,0,0,0,0,0
Treatment,Rapid Resurfacing Peel,1,1,1,1,0
Treatment,Acne-Clear Invisible Dots,1,1,1,1,1
Treatment,Acne Clear Control 30-Day Kit,1,0,0,1,0
Treatment,Perfect Canvas Skin Finishing Serum,1,1,1,1,1
Treatment,Capture Youth Lift Sculptor Age-Delay Lifting Serum,0,1,1,0,0
Treatment,Vinopure Natural Oil Control Moisturizer,1,0,1,1,1
Treatment,Capture Youth Plump Filler Age-Delay Plumping Serum,0,1,1,0,0
Treatment,Bye Bye Pores Primer™ Oil-Free Poreless Skin-Perfecting Serum Primer,1,1,1,1,1
Treatment,Outsmart Acne Clarifying Treatment,1,0,1,1,1
Treatment,Facial Radiance® Intensive Peel,1,1,1,1,1
Treatment,Therapeutic Sulfur Mask Acne Treatment Mask,1,0,1,1,0
Treatment,Enlighten Dark Spot Correcting Night Serum,0,0,0,0,0
Treatment,PRE:EMPT SERIES™ Skin Perfecting Serum,1,1,1,1,1
Treatment,Dermaclear™ Micro Milk Peel,1,1,1,1,1
Treatment,FUTURE RESPONSE Age Defense Serum,1,1,1,1,1
Treatment,Ferulic + Retinol Wrinkle Recovery Peel,1,1,1,1,0
Treatment,Pure Truth™ Youth Activating Oil,1,1,1,1,1
Treatment,Hyaluronic Marine Hydration Booster,0,0,0,0,0
Treatment,Bio-Performance Glow Revival Serum,0,0,0,0,0
Treatment,Breakout Fighters,1,1,1,1,1
Treatment,Pore Corrector Anti-Aging Primer,1,1,1,1,1
Treatment,Age Arrest Anti-Wrinkle Cream,0,0,0,0,0
Treatment,Un-Wrinkle® Turbo Face Serum,0,0,0,0,0
Treatment,Potent-C™ Targeted Spot Brightener,1,1,1,1,1
Treatment,Post-Acne Spot Lightening Gel,0,0,0,0,0
Treatment,Dr. Andrew Weil For Origins™ Mega-Mushroom Relief & Resilience Advanced Face Serum,1,1,1,1,1
Treatment,Repairwear Laser Focus,0,0,0,0,0
Treatment,Acne Solutions Clear Skin System Starter Kit,0,0,0,0,0
Treatment,Essential Fx Acyl-Glutathione Deep Crease Serum,1,1,1,1,1
Treatment,Hydra Life Deep Hydration Sorbet Water Essence,1,0,1,1,0
Treatment,Mermaid Skin™ Hyaluronic H2O Serum,0,0,0,0,0
Treatment,Advanced Acne & Wrinkle Reducer,0,0,0,0,0
Treatment,AHA/BHA Acne Clearing Gel,0,0,0,0,0
Treatment,Bio-Performance LiftDynamic Serum,0,0,0,0,0
Treatment,Acne Body Wash,0,0,0,0,0
Treatment,Doctor's Kit Gold Standard Anti-Aging Solution,1,1,1,1,1
Treatment,Nightly Refining Micro-Peel Concentrate,1,1,1,1,1
Treatment,Blue Herbal Spot Treatment,1,0,0,1,0
Treatment,Dr. Andrew Weil For Origins™ Mega-Bright Dark Spot Correcting Serum,1,1,1,1,1
Treatment,Pure Skin® Clarifying Dietary Supplement,1,0,0,1,0
Treatment,Glycolic Peel,1,1,1,1,1
Treatment,Golden Krocus Ageless Saffron Elixir Serum,1,1,1,1,1
Treatment,20% Glycolic Solutions Jumbo Peel Swab,1,1,1,1,1
Treatment,Peat Miracle Revital Serum Concentrate,1,1,1,1,1
Treatment,Acne Clearing Solution,1,0,0,1,0
Treatment,SKINLONGEVITY™ Vital Power Infusion Serum,1,1,1,1,0
Treatment,Diorsnow Brightening Refining Moist Cloud Crème,1,1,1,0,0
Treatment,EradiKate® Salicylic Acid Acne Treatment,1,0,1,0,0
Treatment,A Perfect World™ Age-Defense Skin Guardian with White Tea,0,0,0,0,0
Treatment,RetAsphere™ Micro Peel,1,1,1,1,0
Treatment,Skin Rescue Acne Clearing Pads with White Clay,1,1,1,1,1
Treatment,Caviar Lime Acid Peel,1,1,1,1,1
Treatment,EGF Day Serum,1,1,1,1,1
Treatment,Rapid Collagen Infusion,0,0,0,0,0
Treatment,2% Retinol Complex Serum,1,1,1,1,0
Treatment,My Daily Dose Custom-Blended Serum Set,0,0,0,0,0
Treatment,Diorsnow Essence of Light Pure Concentrate of Light Brightening Milk Serum,1,1,1,1,1
Treatment,needles no more® 3-D filler mask,1,1,1,1,0
Treatment,Seaberry Skin Nutrition Booster,0,0,0,0,0
Treatment,Bio Retinoid Anti-Wrinkle Concentrate Oil,0,0,0,0,0
Treatment,MAGNETIGHT Age-Defier™ Mask,1,1,1,1,0
Treatment,Kakadu C ™ Serum,0,0,0,0,0
Treatment,Lotus Face Treatment Oil,0,0,0,0,0
Treatment,Targeted Deep Wrinkle Minimizer,0,0,0,0,0
Treatment,Calm Cool & Corrected,0,0,0,0,0
Treatment,Perfectionist Pro Rapid Firm + Lift Treatment,1,1,1,1,0
Treatment,DermalQuench Liquid Lift™ Advanced Wrinkle Treatment,1,1,1,1,1
Treatment,DermalQuench Liquid Lift™ + Retinol Advanced Resurfacing Treatment,1,1,1,1,1
Treatment,Vitamin C Ester Brightening Amine Face Lift,0,0,0,0,0
Treatment,OMG!™ Omega The Great Supplements,0,0,0,0,0
Treatment,Future Solution LX Intensive Firming Contour Serum,1,1,1,1,1
Treatment,Advanced Active Radiance® Serum,0,0,0,0,0
Treatment,Advanced Anti-Aging Repairing Oil,1,1,1,1,1
Treatment,Instant Firmx™,0,0,0,0,0
Treatment,Power Peel Multi-Acid Resurfacing Pads,0,0,0,0,0
Treatment,Bright Biotic™ Dark Spot Minimizing Serum,1,1,1,1,1
Treatment,Time In A Bottle 100% In-Control,1,1,1,1,1
Treatment,White Marble Dual Phase Vitamin C Peel,1,1,1,1,0
Treatment,Micro-Blur™ Skin Perfector,1,1,1,1,1
Treatment,Flash Hydro-Boost Instant Plumping Emulsion,1,1,1,1,1
Treatment,The Nightly Retinol + Peptide Anti-Aging Serum,1,1,1,1,1
Treatment,Complete Reform,0,0,0,0,0
Treatment,High Potency Classics: Firming Evening Repair,1,1,1,1,1
Treatment,Kakadu C™ Intensive Vitamin C Peel Pads with Ferulic Acid & Vitamin E,1,1,1,1,0
Treatment,Hydra Sebum Control Essence,0,0,0,0,0
Treatment,Acne Solutions All-Over Clearing Treatment Oil-Free,0,0,0,0,0
Treatment,Clear Complexion Moisturizer,1,1,1,1,1
Treatment,Intensive-C® Radiance Peel,0,0,0,0,0
Treatment,GENIUS Ultimate Anti-Aging Bi-Phase Peel,0,0,0,0,0
Treatment,Power Dose Vitamin C,1,1,1,1,0
Treatment,REVEAL Concentrated Color Correcting Drops,0,0,0,0,0
Treatment,Crème Ancienne® Supreme Face Serum,1,1,1,1,1
Treatment,EradiKate™ Mask Foam-Activated Acne Treatment,0,0,0,0,0
Treatment,High Potency Classics: Hyaluronic Intensive Moisturizer,0,0,0,0,0
Treatment,Concentrated Reconstructing Serum,0,0,0,0,0
Treatment,FIRMx Growth Factor Extreme Neuropeptide Serum,0,0,0,0,0
Treatment,Mission Perfection Serum,0,0,0,0,0
Treatment,Clear Complexion Willow Bark Spot Treatment,0,0,0,0,0
Treatment,Crème Ancienne Face Oil Elixir,1,1,1,1,1
Treatment,Sculptwear Lift and Contour Serum for Face and Neck,0,0,0,0,0
Treatment,Line Smoother Oil-Free Moisturizer,0,0,0,0,0
Treatment,3-in-1 Extractor,0,0,0,0,0
Treatment,Do Not Age with Dr. Brandt Transforming Pearl Serum,0,0,0,0,0
Treatment,Silver Skin Savior Salicylic/Glycolic Acid Treatment,0,0,0,0,0
Treatment,Acne Solutions Clearing Concealer,0,0,0,0,0
Treatment,High Potency Classics: Face Firming Serum,0,0,0,0,0
Treatment,ELEVATE Advanced Lift Contouring Cream,1,1,1,1,1
Face Mask,Mask Frenzy,1,1,1,1,1
Face Mask,Facial Treatment Mask,1,1,1,1,1
Face Mask,Mask Heroes Face Savers,1,1,1,1,1
Face Mask,Face Mask Magic,1,1,1,1,1
Face Mask,Jet Lag Mask,1,1,1,1,1
Face Mask,Honey Potion Renewing Antioxidant Hydration Mask with Echinacea GreenEnvy™,1,1,1,1,1
Face Mask,Lip Sleeping Mask,0,0,0,0,0
Face Mask,Rose Face Mask,0,0,0,0,0
Face Mask,Rare Earth Deep Pore Cleansing Masque,0,0,0,0,0
Face Mask,Black Tea Instant Perfecting Mask,0,0,0,0,0
Face Mask,Overtime Mask,1,1,1,1,0
Face Mask,Face Mask,1,1,1,1,1
Face Mask,Mini Mask Musts,1,1,1,1,0
Face Mask,The Lifting and Firming Mask,0,0,0,0,0
Face Mask,Australian Pink Clay Porefining Face Mask,1,1,1,1,0
Face Mask,Sheet Masks,1,1,1,1,1
Face Mask,Clear Improvement® Active Charcoal Mask to Clear Pores,1,1,1,1,1
Face Mask,Drink Up™ Intensive Overnight Mask to Quench Skin's Thirst,0,0,0,0,0
Face Mask,24K Gold Pure Luxury Lift & Firm Hydra-Gel Eye Patches,1,1,1,1,1
Face Mask,Violet-C Radiance Mask,1,1,1,1,1
Face Mask,Luminizing Black Charcoal Mask,1,1,1,1,1
Face Mask,Experiential Masks Set,1,1,1,1,0
Face Mask,Advanced Night Repair Concentrated Recovery PowerFoil Mask,0,0,0,0,0
Face Mask,Turmeric 2-in-1 Brightening & Exfoliating Mask,1,1,1,1,1
Face Mask,Pumpkin Enzyme Mask Enzymatic Dermal Resurfacer,1,1,1,1,0
Face Mask,Overnight Miracle Mask,1,1,1,1,1
Face Mask,Watermelon Glow Sleeping Mask Mini,1,1,1,1,1
Face Mask,Lover Rubber Masks,1,1,1,1,1
Face Mask,Lotus Youth Preserve Rescue Mask,0,0,0,0,0
Face Mask,Black Tea Firming Overnight Mask Mini,1,1,1,0,0
Face Mask,Original Skin™ Retexturizing Mask with Rose Clay,1,0,1,1,0
Face Mask,"Hello, Calm Relaxing & Hydrating Face Mask with Cannabis Sativa Seed Oil",1,1,1,1,0
Face Mask,Bright On Massage-Activated Vitamin C Mask with Echinacea GreenEnvy™,1,1,1,1,1
Face Mask,Glycol Lactic Radiance Renewal Mask,1,1,1,1,0
Face Mask,Calendula & Aloe Soothing Hydration Mask,1,1,1,1,1
Face Mask,Out of Trouble™ 10 Minute Mask to Rescue Problem Skin,0,0,0,0,0
Face Mask,Turmeric & Cranberry Seed Energizing Radiance Mask,1,1,1,1,1
Face Mask,The Ultimate Glow Set,1,1,1,1,1
Face Mask,Clear Improvement™ Charcoal Honey Mask to Purify and Nourish,1,1,1,1,0
Face Mask,Hand Mask,0,0,0,0,0
Face Mask,Vitamin C Glow Face Mask,1,1,1,1,1
Face Mask,White Lucent Power Brightening Mask,0,0,0,0,0
Face Mask,Hand Mask - Avocado,0,0,0,0,0
Face Mask,Brightening Derm Revival Mask,1,1,1,1,1
Face Mask,The Brilliance Brightening Mask,0,0,0,0,0
Face Mask,Face Mask - Pearl - Brightening,0,0,0,0,0
Face Mask,Rescue Mask,1,1,1,1,1
Face Mask,Black Tea Instant Perfecting Mask Mini,0,0,0,0,0
Face Mask,Cold Plunge Pore Mask,1,1,1,1,1
Face Mask,Instant Detox Mask,1,1,1,1,1
Face Mask,Crème Ancienne® Ultimate Nourishing Honey Mask,1,1,1,1,1
Face Mask,Water Replenishment Cotton Sheet Mask,1,1,1,1,1
Face Mask,Luminous Dewy Skin Sheet Mask,1,1,1,0,1
Face Mask,Hydra-Therapy Skin Vitality Treatment Masks,1,1,1,1,0
Face Mask,Dermask Water Jet Vital Hydra Solution™,1,1,1,1,1
Face Mask,Face Mask - Avocado,0,0,0,0,0
Face Mask,Advanced Génifique Hydrogel Melting Mask,1,1,1,1,1
Face Mask,Purity Made Simple Pore Extractor Mask,1,1,1,1,1
Face Mask,Egg Cream Mask Hydration,1,1,1,0,1
Face Mask,Coconut Gel Sheet Mask - Hydrating,1,1,1,1,1
Face Mask,Clay Mask,1,1,1,1,1
Face Mask,Nutritious Vitality8™ Night Creme/Mask,0,0,0,0,0
Face Mask,Face Mask - Green Tea - Mattifying,0,0,0,0,0
Face Mask,Mud Mask Purifying & Mattifying,0,0,0,0,0
Face Mask,Benefiance Pure Retinol Intensive Revitalizing Face Mask,0,0,0,0,0
Face Mask,Ultra Repair Instant Oatmeal Mask,1,1,1,1,1
Face Mask,Evercalm™ Ultra Comforting Rescue Mask,0,0,0,0,1
Face Mask,Watermelon Glow Jelly Sheet Mask,1,1,1,1,0
Face Mask,Crazy for Clay!,1,1,1,1,1
Face Mask,Luminous Deep Hydration Lifting Mask,1,1,1,1,1
Face Mask,GLAMGLOW x MY LITTLE PONY® #GLITTERMASK GRAVITYMUD™ Firming Treatment,1,1,1,1,0
Face Mask,Shake & Shot™ Rubber Masks,1,1,1,1,1
Face Mask,Face Mask - Rose - Moisturizing,0,0,0,0,0
Face Mask,Time Freeze Sleeping Mask,1,1,1,1,1
Face Mask,SUPERMASK - The Golden Mask,1,1,1,1,0
Face Mask,Ginger Leaf & Hibiscus Firming Mask,1,1,1,1,1
Face Mask,Hydro Biotic™ Recovery Sleeping Mask,1,1,1,1,1
Face Mask,Spotlight Brightening Mask,1,1,1,1,1
Face Mask,SUPERMASK - The Bubble Mask,1,1,1,1,1
Face Mask,#GLITTERMASK GRAVITYMUD™ Firming Treatment,1,1,1,1,0
Face Mask,Luminizing Pink Charcoal Mask,1,0,1,1,1
Face Mask,Greek Yoghurt Advanced Nourishing Sleeping Facial,1,1,1,1,1
Face Mask,Irish Moor Mud Purifying Black Mask,1,1,1,1,1
Face Mask,Face Mask - Aloe Vera - Replenishing,1,1,1,1,1
Face Mask,Clarifying Mask,1,1,1,1,1
Face Mask,Hydration Lover Rubber Mask,1,1,1,0,1
Face Mask,Bright Lover Rubber Mask,1,1,1,1,1
Face Mask,5 in 1 Bouncy Mask,1,1,1,1,1
Face Mask,Cicapair™ Tiger Grass Nightly Re.Pair Mask,1,1,1,1,1
Face Mask,MOISTURE BOUND Sleeping Recovery Mask,1,1,1,0,1
Face Mask,Face Mask - Pineapple - Pore Perfecting,1,1,1,1,1
Face Mask,Coconut Gel Sheet Mask - Brightening,1,1,1,1,1
Face Mask,Face Mask - Coconut - Nourishing,1,1,1,1,1
Face Mask,Pep-Start Pout Restoring Night Mask,0,0,0,0,0
Face Mask,Charcoal Pore Pudding Intensive Wash-Off Treatment,1,1,1,1,1
Face Mask,Peony Brightening Night Treatment Mask,1,1,1,1,1
Face Mask,SUPERMASK - The Charcoal Mask,1,0,1,1,0
Face Mask,Hydra-Therapy Memory Sleep Mask,0,0,0,0,0
Face Mask,Brighten Pineapple Enzyme + Gemstone Instant Glow Mask,1,1,1,0,1
Face Mask,Purifying Mask,1,1,1,1,0
Face Mask,Superfood Skin Reset Antioxidant Mask,1,1,1,1,1
Face Mask,Water Fuse Hydro Sleep Mask,1,1,1,1,1
Face Mask,Clearing Mask,1,1,1,1,0
Face Mask,Hydra Life Jelly Sleeping Mask,0,0,0,0,0
Face Mask,Sleeping Mask - Rose,0,0,0,0,0
Face Mask,Mini Pore Waterclay Mask,1,1,1,1,1
Face Mask,INSTAMUD 60 Second Pore-Refining Treatment,1,1,1,1,1
Face Mask,SUPERMASK - The Silver Mask,1,1,1,1,0
Face Mask,Sleeping Mask - Pearl,0,0,0,0,0
Face Mask,Vitamin Nectar Vitamin C Brightening Powder,0,0,0,0,0
Face Mask,Clear Skin Lover Rubber Mask,1,1,1,1,1
Face Mask,Micro Essence Infusion Mask,0,0,0,0,0
Face Mask,Dermask Water Jet Soothing Hydra Solution™,1,1,1,1,1
Face Mask,Treatment Lotion Hydrating Mask,1,1,1,1,1
Face Mask,Call It A Night Revitalizing & Nourishing UFO™ Activated Mask,1,1,1,1,1
Face Mask,Ceramidin™ Facial Mask,1,1,1,0,1
Face Mask,Hydra Life Glow Better Fresh Jelly Mask,1,0,1,0,0
Face Mask,MATCHA Magic Super-Antioxidant Mask,1,1,1,1,1
Face Mask,Moisture Mask,1,1,1,1,1
Face Mask,Rose Stem Cell Bio-Repair Gel Mask,1,1,1,1,1
Face Mask,Pomegranate AHA & Enzymes Resurfacing Mask,1,0,1,1,0
Face Mask,Advanced Night Repair Concentrated Recovery Eye Mask,1,1,1,1,0
Face Mask,Moisturizing Mask,1,1,1,0,1
Face Mask,Dermask Micro Jet Clearing Solution™,1,1,1,1,1
Face Mask,Plantscription™ Powerful Lifting Overnight Mask,0,0,0,0,0
Face Mask,Face Mask - Algae - Detoxifying,1,1,1,1,1
Face Mask,Face Mask - Grape - Anti-pollution,1,1,1,1,1
Face Mask,Make My Day Hydrating & Anti-Pollution UFO™ Activated Mask,1,1,1,1,1
Face Mask,Goddess Clay Mask,1,1,1,1,1
Face Mask,Resurfacing Mask,1,1,1,1,1
Face Mask,The Lifting and Firming Mask Mini,0,0,0,0,0
Face Mask,Detoxifying Silt Gelee Mask,1,1,1,1,1
Face Mask,Dr. Andrew Weil For Origins™ Mega-Mushroom Relief & Resilience Soothing Face Mask,1,1,1,1,1
Face Mask,Oxygen Facial Flash Recovery Mask,1,1,1,1,0
Face Mask,SUPERMASK - The Mud Mask,1,1,1,1,1
Face Mask,Brightening Infusion Hydrogel Mask,1,1,1,1,1
Face Mask,Deep Cleansing Mask,1,1,1,1,0
Face Mask,Dr. Andrew Weil For Origins™ Mega-Bright Dark Spot Correcting Night Mask,0,0,0,0,0
Face Mask,Black Jelly Pack,1,1,1,1,1
Face Mask,Sleeping Mask - Coconut Water,1,1,1,1,1
Face Mask,Face Mask - Algae,0,0,0,0,0
Face Mask,Pore Minimalist Black Charcoal Sheet Mask,1,1,1,1,1
Face Mask,Nose Strip,0,0,0,0,0
Face Mask,Shake & Shot™ Rubber Hydro Mask,1,1,1,1,1
Face Mask,Clarifying Colloidal Sulfur Mask,0,0,0,0,0
Face Mask,Chlorophyll Detox Mask,0,0,0,0,0
Face Mask,Pore Cleaner Bubble Foam,1,1,1,1,1
Face Mask,Sleeping Mask - Aloe Vera,1,1,1,1,1
Face Mask,24K Gold Mask Pure Luxury Lift & Firm Mask,1,1,1,1,1
Face Mask,Hydrating Lip Mask,0,0,0,0,0
Face Mask,V-Facial Intensive Wrap,1,1,1,1,1
Face Mask,Cocoa Moisture Mask,1,1,1,0,1
Face Mask,Shake & Shot™ Rubber Brightening Mask,1,1,1,1,1
Face Mask,Face Mask - Lotus,0,0,0,0,0
Face Mask,Firm Lover Rubber Mask,1,1,1,1,1
Face Mask,Dermask Ultra Jet Porecting Solution Bubbling Charcoal Sheet Mask,1,1,1,1,1
Face Mask,Quench Intense Hydration Mask,1,1,1,1,1
Face Mask,Soothing & Healing Green Tea Splash Mask,1,0,1,1,0
Face Mask,pores no more® Vacuum Cleaner® Pore Purifying Mask,1,0,0,1,0
Face Mask,Extra-Firming Mask,1,1,1,1,1
Face Mask,Lip Mask,0,0,0,0,0
Face Mask,BUBBLESHEET™ Oxygenating Deep Cleanse Mask - Breast Cancer Awareness Edition,1,1,1,1,0
Face Mask,Polishing Mask,0,0,0,0,0
Face Mask,Midnight Radiance Mask,1,0,1,1,0
Face Mask,PERFECT Clarifying Pore Corrector Mask,0,0,0,0,0
Face Mask,Gel Mask Hydrating & Quenching,0,0,0,0,0
Face Mask,Hygge HydraClay™ Detox Mask,1,1,1,1,1
Face Mask,Hyaluronic Marine Hydrating Modeling Mask,1,1,1,0,0
Face Mask,Skin Rescue Purifying Mask With Red Clay,1,1,1,1,1
Face Mask,Flash Rinse 1 Minute Facial,0,0,0,0,0
Face Mask,Water Pocket Sheet Mask Sleeping Mask (Replenishing),1,1,1,1,1
Face Mask,Cilantro & Orange Extract Pollutant Defending Mask,1,1,1,1,1
Face Mask,TIME RESPONSE Vintage Wash-off Masque,1,1,1,1,0
Face Mask,Shake & Shot™ Rubber Soothing Mask,1,1,1,1,1
Face Mask,Skin Nourish Coral Grass & Green Algae Moisture Face Mask,0,0,0,0,0
Face Mask,Pore Refining Solutions Charcoal Mask,0,0,0,0,0
Face Mask,H2Overdose Mask,1,1,1,1,1
Face Mask,MAGNETIGHT™ Age-Defier Mask Bundle,1,1,1,1,1
Face Mask,Hungarian Thermal Water Mineral-Rich Atomic Heat Mask,1,1,1,1,1
Face Mask,Hello FAB Ginger & Turmeric Vitamin C Jelly Mask,1,1,1,1,1
Face Mask,MOISTURE BOUND Intensive Serum Masque,0,0,0,0,0
Face Mask,Capture Totale Dreamskin 1-Minute Mask,1,1,1,1,1
Face Mask,Pore Extractor Pomegranate Mask,1,0,1,1,0
Face Mask,Pumpkin Sleeping Pack,1,1,1,1,1
Face Mask,Acne Solutions Oil-Control Cleansing Mask,0,0,0,0,0
Face Mask,Face Mask - Pomegranate,0,0,0,0,0
Face Mask,NightWear Plus 3-Minute Detox Mask,0,0,0,0,0
Face Mask,Hydra Zen Masque Anti-Stress Moisturizing Night Face Mask,1,1,1,1,1
Face Mask,Ultramoor Mud Mask,1,1,1,1,0
Face Mask,Glow Addict Mask,1,1,1,1,1
Face Mask,Uluru Purifying Mask,1,1,1,1,1
Face Mask,Charcoal Pore-Minimizing Bio-Cellulose Mask,1,1,1,1,1
Face Mask,Pumpkin 24K Gold Sheet Mask,1,1,1,1,1
Face Mask,Get Glowin’ Brightening Mask,1,1,1,1,1
Face Mask,Tight & Bright Clay Multi-Mask,1,1,1,1,1
Face Mask,All That Contours Hydrogel Expansion Stretch Mask,1,1,1,1,1
Face Mask,Matte Maniac Mask,1,1,1,1,1
Face Mask,Hydra Life Extra Plump Smooth Balm Mask,1,1,1,0,0
Face Mask,Dermask Micro Jet Brightening Solution™,1,1,1,1,1
Face Mask,Dermask Intra Jet Wrinkless Solution™,1,1,1,1,1
Face Mask,Energy Yellow Citrus & Honey Splash Mask,1,1,1,0,1
Face Mask,Rose Jelly Mask,1,1,1,1,1
Face Mask,Shimmer Freak Mask,1,1,1,1,1
Face Mask,Shake & Shot™ Rubber Firming Mask,1,1,1,1,1
Face Mask,Hydra Life Pores Away Pink Clay Mask,1,0,1,1,0
Face Mask,Dermask Intra Jet Firming Solution™,1,1,1,1,1
Face Mask,Tsubaki Oil Deep Hydrating Bio-Cellulose Mask,1,1,1,1,1
Face Mask,Multi-Masking™ Medley,1,1,1,1,1
Face Mask,Renewed Hope in A Jar Moisture Mask,1,1,1,1,1
Face Mask,Bamboo Waterlock Mask,0,0,0,0,0
Face Mask,RitualiTea™ Matcha Madness™ Revitalizing Powder Face Mask with Matcha & Green Tea,1,1,1,1,0
Face Mask,Pore Master Patch,1,1,1,1,1
Face Mask,InstaMatte™ Oil-Control Mask,1,0,0,1,0
Face Mask,After-Sun Mask - Watermelon,1,1,1,1,1
Face Mask,Whipped Mud Mask Collection,1,1,1,1,1
Face Mask,Wrinkle Warrior® Pink Plumping Mask,1,1,1,1,0
Face Mask,Algae Brightening Mask,0,0,0,0,0
Face Mask,Sake Bright White Mask,1,1,1,0,1
Face Mask,The Intensive Revitalizing Mask,0,0,0,0,0
Face Mask,Pure Deepsea Hydrating Mask,1,1,1,1,1
Face Mask,Cucumber Gel Mask Extreme Detoxifying Hydrator,1,1,1,1,1
Face Mask,Sake Brightening Bio-Cellulose Mask,1,1,1,1,1
Face Mask,Egg Cream Mask Firming,1,1,1,0,1
Face Mask,Egg Cream Mask Pore Tightening,1,0,0,1,0
Face Mask,Coconut Ceramide Mask,1,1,1,1,1
Face Mask,First Aid Transforming Peel Off Mask,0,0,0,0,0
Face Mask,Wrinkle Release Facial Sheet Mask,1,1,1,1,1
Face Mask,Ain’t Misbehavin’® Intensive 10% Sulfur Acne Mask & Emergency Spot Treatment,0,0,0,0,0
Face Mask,Age Arrest Hydrating Firming Mask,0,0,0,0,0
Face Mask,Jelly Mask Moisturizing & Energizing,0,0,0,0,0
Face Mask,Dragon Fruit Brightening Superfruit Mask,1,1,1,1,0
Face Mask,Hydrating Facial Sheet Mask,1,1,1,1,1
Face Mask,Clarimatte™ Invisible Pores Detox Mask,0,0,0,0,0
Face Mask,Radiance Awakening Mask Intense,1,1,1,0,1
Face Mask,The True Tincture Mask - Chamomile,0,1,1,0,1
Face Mask,GinZing™ Peel-Off Mask to Refine and Refresh,1,0,1,1,0
Face Mask,Nose Mask - Pineapple,1,1,1,1,1
Face Mask,Peel-off Mask,1,1,1,1,0
Face Mask,Energie de Vie Glow Boosting Mini Mask Trio,1,1,1,1,1
Face Mask,Water Pocket Sheet Mask Water Bank (Moisturizing),1,1,1,1,1
Face Mask,Flower Fusion™ Lavender Soothing Sheet Mask,1,1,1,1,1
Face Mask,Younger® Revealing Mask Intense,1,1,1,1,1
Face Mask,Deep Pore Cleansing Clay,0,0,0,0,0
Face Mask,SPLASH Absolute Hydration Replenishing Sleeping Pack,1,1,1,1,1
Face Mask,Flower Fusion™ Rose Hydrating Sheet Mask,1,1,1,1,1
Face Mask,Instant Detox Hawaiian Sea Water & White Clay Face Mask,0,0,0,0,0
Face Mask,SOS Hydra Refreshing Hydration Mask,1,1,1,0,0
Face Mask,Flower Fusion™ Raspberry Refreshing Sheet Mask,1,1,1,1,1
Face Mask,Lift & Plump Sheet Mask with Vegan Stem Cell Complex,1,1,1,1,1
Face Mask,Pep-Start Double Bubble Purifying Mask,1,1,1,1,0
Face Mask,Kakadu C™ Amethyst Clay Detox Mask,0,0,0,0,0
Face Mask,Radiance Boost Walnut Grain & Orange Oil Exfoliating Face Mask,0,0,0,0,0
Face Mask,SUPERMASK - The Primer Mask,1,1,1,1,1
Face Mask,WHITE Brightening Mask,1,1,1,1,1
Face Mask,Flower Fusion™ Violet Nourishing Sheet Mask,1,1,1,1,1
Face Mask,Egg Mousse Pack,0,0,0,0,0
Face Mask,Self Tan Express Bronzing Face Sheet Mask,1,1,1,1,1
Face Mask,Mask-Imum Revival Hydra-Plumping Mask,1,1,1,1,1
Face Mask,Radiance Transforming Mask,1,1,1,1,0
Face Mask,Firmarine Lift Face Mask,1,1,1,1,1
Face Mask,Tama Healing Mask,1,1,1,1,1
Face Mask,PRE:EMPT SERIES™ Refreshing Shower Mask,1,1,1,0,1
Face Mask,By All Greens™ Foaming Deep Cleansing Mask,1,0,1,1,0
Face Mask,Flower Fusion™ Orange Radiance-Boosting Sheet Mask,1,1,1,1,1
Face Mask,Wrinkle Release Neck & Chest Sheet Mask,1,1,1,1,1
Face Mask,Sculptwear Contouring Massage Cream Mask,0,0,0,0,0
Eye cream,The Eye Concentrate,0,0,0,0,0
Eye cream,C-Tango™ Multivitamin Eye Cream,1,1,1,1,1
Eye cream,Benefiance WrinkleResist24 Intensive Eye Contour Cream,1,1,1,1,1
Eye cream,Creamy Eye Treatment with Avocado,1,1,1,1,1
Eye cream,Banana Bright Eye Crème,1,1,1,1,1
Eye cream,Advanced Night Repair Eye Supercharged Complex,1,1,1,1,0
Eye cream,Black Tea Firming and De-Puffing Eye Cream,1,1,1,1,1
Eye cream,Moisturizing Eye Bomb,1,1,1,1,1
Eye cream,The Eye Balm Intense,0,0,0,0,0
Eye cream,GinZing™ Refreshing Eye Cream to Brighten and Depuff,1,1,1,1,1
Eye cream,The Pearl Tinted Eye Illuminating Treatment,1,1,1,1,1
Eye cream,Benefiance WrinkleResist24 Pure Retinol Express Smoothing Eye Mask,1,1,1,1,0
Eye cream,Shaba Complex™ Eye Serum,1,1,1,1,1
Eye cream,All About Eyes™ Rich,1,1,1,1,1
Eye cream,Wide Awake Brightening Eye Cream,1,1,1,1,1
Eye cream,"Bye Bye Under Eye Eye Cream™ Smooths, Brightens, Depuffs",1,1,1,1,1
Eye cream,R.N.A. POWER Anti-Aging Eye Cream,1,1,1,1,1
Eye cream,Ferulic + Retinol Triple Correction Eye Serum,1,1,1,1,1
Eye cream,Squalane + Peptide Eye Gel,1,1,1,1,1
Eye cream,Advanced Génifique Yeux Light-Pearl™ Eye Illuminator Youth Activating Concentrate,1,1,1,1,1
Eye cream,Water Drench Hyaluronic Cloud Hydra-Gel Eye Patches,1,1,1,1,1
Eye cream,Complete Eye Renewal Balm,1,1,1,1,1
Eye cream,Midnight Recovery Eye,1,1,1,1,1
Eye cream,Baggage Claim Gold Eye Masks,1,1,1,1,1
Eye cream,Eye Sleeping Mask,1,1,1,1,1
Eye cream,Super Restorative Total Eye Concentrate,1,1,1,1,1
Eye cream,Rose Hydrating Eye Gel Cream,0,0,0,0,0
Eye cream,The Lifting Eye Serum,0,0,0,0,0
Eye cream,Eye Mask,0,0,0,0,0
Eye cream,All About Eyes,1,1,1,1,1
Eye cream,Advanced Génifique Eye Cream,1,1,1,1,1
Eye cream,Advanced Night Repair Eye Concentrate Matrix,1,1,1,1,0
Eye cream,Ultimune Eye Power Infusing Eye Concentrate,1,1,1,1,1
Eye cream,Water Bank Eye Gel,1,1,1,1,1
Eye cream,Eye Duty Triple Remedy A.M. Gel Cream,1,1,1,1,1
Eye cream,Baggage Claim Rose Gold Eye Masks,1,1,1,1,0
Eye cream,Future Solution LX Eye and Lip Contour Regenerating Cream,1,1,1,1,1
Eye cream,Resveratrol Lift Hyaluronic Acid Eye Lifting Balm,1,1,1,1,1
Eye cream,Luminous Deep Hydration Firming Eye Serum,0,0,0,0,0
Eye cream,Cucumber De-Tox™ Hydra-Gel Eye Patches,1,1,1,1,1
Eye cream,Vine[activ] Energizing Vitamin C Eye Cream,1,1,1,1,1
Eye cream,Mega Rich Intensive Anti-Aging Cellular Eye Creme,0,0,0,0,0
Eye cream,Restorative Eye Crème,1,1,1,1,1
Eye cream,Potent-C™ Power Eye Cream,1,1,1,1,1
Eye cream,Pep-Start Eye Cream,1,1,1,1,1
Eye cream,Rénergie Lift Multi-Action Eye,1,1,1,1,1
Eye cream,Noni Radiant Eye Oil,1,1,1,1,1
Eye cream,Advanced Night Repair Eye Serum Synchronized Complex II,1,1,1,1,1
Eye cream,MOISTURE BOUND Rejuvenating Eye Treatment Gel,1,1,1,1,1
Eye cream,Renewing Eye Cream,0,0,0,0,0
Eye cream,Puffy Under-Eye Patches,1,1,1,1,1
Eye cream,Maracuja C-Brighter™ Eye Treatment,1,1,1,1,1
Eye cream,Extra Eye Repair Cream,1,1,1,1,1
Eye cream,needles no more® NO MORE BAGGAGE™ eye de-puffing gel,1,1,1,1,1
Eye cream,Crème Ancienne® Eye Cream,0,0,0,0,0
Eye cream,Eye Doctor™ Moisture Care For Skin Around Eyes,0,0,0,0,0
Eye cream,Superfood Peptide Eye Cream,1,1,1,1,1
Eye cream,Hydrating Eye Cream,0,0,0,0,0
Eye cream,Auto Correct Brightening and Depuffing Eye Contour Cream,1,1,1,1,1
Eye cream,Bio-Performance LiftDynamic Eye Treatment,1,1,1,1,1
Eye cream,Retinol Youth Renewal Eye Serum,1,1,1,1,1
Eye cream,"Eye Duty Triple Remedy: Brighten, Depuff and Smooth",1,1,1,1,1
Eye cream,Uplifting Transformation™ Eye Crème,1,1,1,1,1
Eye cream,Powerful Wrinkle Reducing Eye Cream,1,1,1,1,1
Eye cream,Dew It All Total Eye Cream with Echinacea GreenEnvy™,1,1,1,0,1
Eye cream,"Black Pine 3D Sculpting, Firming & Lifting Super Eye Serum",1,1,1,1,1
Eye cream,White Lucent Anti-Dark Circles Eye Cream,0,0,0,0,0
Eye cream,Hypoallergenic Firming Eye Cream,1,1,1,1,1
Eye cream,Gold Rush Eye Balm,1,1,1,1,1
Eye cream,Eye Mask - Cucumber - Anti-Puffiness,0,0,0,0,0
Eye cream,Repairwear Laser Focus Wrinkle Correcting Eye Cream,0,0,0,0,0
Eye cream,Lotus Eye Gel,1,1,1,0,0
Eye cream,Premier Cru Eye Cream,1,1,1,1,1
Eye cream,Eye Contour Lifting Cream with Diamond Powder,1,1,1,1,1
Eye cream,Crème Ancienne Supreme Eye Serum,1,1,1,1,1
Eye cream,One Essential Eye Serum,1,0,1,0,0
Eye cream,Extra-Firming Eye Wrinkle Smoothing Cream,0,0,0,0,0
Eye cream,Peat Miracle Revital Eye Cream,1,1,1,0,0
Eye cream,All About Eyes Serum De-Puffing Eye Massage,0,0,0,0,0
Eye cream,Intensive Vitalizing Eye Essence,1,1,1,1,1
Eye cream,Anti-Wrinkle Miracle Worker Retinoid Eye Repair Cream,1,1,1,1,1
Eye cream,Illuminating Bright Eyes Gels + Silky Mask Beauty Sleep Set,0,0,0,0,0
Eye cream,5 in 1 Eye Cream,1,1,1,1,1
Eye cream,#NAME?,1,1,1,1,0
Eye cream,Lotus Youth Preserve Eye Cream,0,0,0,0,0
Eye cream,Pack Your Bags Undereye Patches,1,1,1,1,1
Eye cream,Essential Fx Acyl-Glutathione Eyelid Lift Serum,0,1,0,0,0
Eye cream,Plantscription™ Anti-Aging Eye Treatment,0,0,0,0,0
Eye cream,TIME RESPONSE Eye Reserve Crème,1,1,1,1,0
Eye cream,ABSOLUE PREMIUM Bx - Absolute Replenishing Eye Cream,0,0,0,0,0
Eye cream,Plantscription™ Anti-Aging Power Eye Cream,0,0,0,0,0
Eye cream,Cold Plasma+ Eye,1,1,1,1,1
Eye cream,Hello Bright Eyes,1,1,1,1,0
Eye cream,Repairwear Anti-Gravity Eye Lift Cream,0,0,0,0,0
Eye cream,Ferulic + Retinol Eye Cream,1,1,1,1,1
Eye cream,Eye Duty Triple Remedy Overnight Balm,1,1,1,1,1
Eye cream,SpectraLite EyeCare Pro LED Device,1,1,1,1,1
Eye cream,Multi-Task Eye Serum Mask,1,1,1,1,1
Eye cream,Orchidee Imperiale The Eye and Lip Contour Cream,1,1,1,1,1
Eye cream,Essential Fx Acyl-Glutathione Smoothing & Brightening Under-Eye Cream,0,1,0,0,0
Eye cream,Advanced Time Zone Age Reversing Line/Wrinkle Eye Creme,0,0,0,0,0
Eye cream,Sun Protection Eye Cream Broad Spectrum SPF 34 Sunscreen,0,0,0,0,0
Eye cream,Hyaluronic Marine Dew It Right Eye Gel,1,1,1,1,1
Eye cream,GENIUS Ultimate Anti-Aging Eye Cream,0,0,0,0,0
Eye cream,Ibuki Eye Correcting Cream,0,0,0,0,0
Eye cream,Youth Dose Eye Treatment,1,1,1,1,1
Eye cream,Down Under Collagen Boosting Eye Treatment,1,1,1,1,1
Eye cream,Capture Totale Multi-Perfection Eye Treatment,0,0,0,0,0
Eye cream,Bio Performance Glow Revival Eye Treatment,0,0,0,0,0
Eye cream,Instant FIRMx Eye™,0,0,0,0,0
Eye cream,Visionnaire Eye Cream Advanced Multi-Correcting Eye Balm,1,1,1,1,1
Eye cream,IRIS™ Illuminating Eye Massager,0,0,0,0,0
Eye cream,Divine Eyes,0,0,0,0,0
Eye cream,C+ Collagen Brighten & Firm Eye Cream,1,1,1,1,1
Eye cream,24/7 Retinol Eye Cream,1,1,1,1,0
Eye cream,Un-Wrinkle Eye,0,0,0,0,0
Eye cream,Essential-C Eye Cream SPF 15 PA++,0,0,0,0,0
Eye cream,Immortelle Eye Balm,0,0,0,0,0
Eye cream,Ultimate Miracle Worker Eye Cream,0,0,0,0,0
Eye cream,High Potency Classics: Firming Eye Lift,1,1,1,1,1
Eye cream,Super Multi-Corrective Eye-Opening Serum,0,0,0,0,0
Eye cream,Clinique Smart Custom-Repair Eye Treatment,0,0,0,0,0
Eye cream,Goat Milk De-Puffing Eye Balm,1,1,1,1,1
Eye cream,Even Better Eyes Dark Circle Corrector,0,0,0,0,0
Eye cream,Magic Eye Rescue Cream,1,1,1,1,1
Eye cream,Enlivening Amino-AG Eye Treatment,0,0,0,0,0
Eye cream,Neuropeptide Firming & Illuminating Under-Eye Cream,1,1,1,1,0
Eye cream,Hope In A Tube Eye & Lip Cream,0,0,0,0,0
Eye cream,Keep Young and Beautiful Anti-Ageing Eye Cream,0,0,0,0,0
Eye cream,High Performance Continuous Moisture Eye Cream,0,0,0,0,0
Eye cream,Wing Man™ Dark Circle Remedy Supplement,0,0,0,0,0
Eye cream,Power K Eye Rescue®,0,0,0,0,0
Eye cream,"Black Pine 3D Sculpting, Firming & Lifting Eye Cream",1,1,1,1,1
Eye cream,Super-Cool De-Puffing Eye Balm,0,0,0,0,0
Eye cream,GloPRO® EYE MicroTip™ Attachment Head,0,0,0,0,0
Eye cream,Eye Fuel,1,1,1,1,1
Eye cream,No Makeup Concealer Broad Spectrum SPF 35,1,1,1,1,1
Eye cream,Hydro-Dynamic® Ultimate Moisture For Eyes,1,1,1,1,1
Eye cream,I-Waken Eye Serum,1,1,1,1,1
Eye cream,Detox Eye Roller,1,1,1,1,1
Eye cream,Wrinkle Warrior® Eye Gel Visible Dark Circle Eraser,1,1,1,1,0
Eye cream,Eye Contour Gel,0,0,0,0,0
Eye cream,No Puffery™ Cooling Roll-On For Puffy Eyes,0,0,0,0,0
Eye cream,Helix AM/PM Eye Gel,1,1,1,1,0
Eye cream,Retinol Fusion PM Eye Cream,1,1,1,1,1
Eye cream,Resilience Lift Firming/Sculpting Eye Creme,0,0,0,0,0
Eye cream,Ultimate Miracle Worker Fix Eye Power-Treatment,1,1,1,1,1
Eye cream,Line Release Under Eye Repair Cream,0,0,0,0,0
Eye cream,Wrinkle Revenge Eye Balm,0,0,0,0,0
Eye cream,Keep Young And Beautiful™ Instant Brightening Beauty Shot Eye Lift,1,1,1,1,1
Eye cream,Purity Made Simple Hydra-Bounce Eye Gel,1,1,1,1,1
Eye cream,H2 Elemental Energy De-Puffing Eye Gel,1,1,1,1,1
Eye cream,SKINLONGEVITY™ Vital Power Eye Gel Cream,1,1,1,1,1
Eye cream,Hydra Life Cooling Hydration Sorbet Eye Gel,0,1,1,0,1
Eye cream,Énergie de Vie The Illuminating & Anti-Fatigue Cooling Eye Gel,1,1,1,1,1
Eye cream,Benefiance NutriPerfect Eye Serum,0,0,0,0,0
Eye cream,Luminous Deep Hydration Revitalizing Eye Mask,0,0,0,0,0
Eye cream,A Perfect World™ SPF 20 Age-Defense Eye Cream with White Tea,1,1,1,1,1
Eye cream,Enhancing Eye Lift Serum,1,1,1,1,1
Eye cream,Essential Energy Eye Definer,1,1,1,1,1
Eye cream,Capture Totale 360 Light-Up Open-Up Replenishing Eye Serum,0,0,0,0,0
Eye cream,Bright Eyes Collagen-Infused Brightening Colloidal Silver Eye Masks,1,1,1,1,1
Eye cream,Renewed Hope In A Jar Eye,0,0,0,0,0
Eye cream,Age Arrest Eye Cream,0,0,0,0,0
Eye cream,Multi-Active Eye,1,1,1,1,1
Eye cream,Advanced Anti-Aging Eye Cream Broad Spectrum Sunscreen SPF 37,1,1,1,1,1
Eye cream,Hello FAB Kona Eye Stick,1,1,1,1,1
Eye cream,Powerful-Strength Line-Reducing Eye-Brightening Concentrate,1,1,1,1,0
Eye cream,FIRMx™ 360 Eye Renewal,1,1,1,1,0
Eye cream,Water Fuse Hydro Soothe Eye Gel,1,1,1,1,1
Eye cream,Illuminating Eye Crème,1,1,1,1,1
Eye cream,Ultimate Revival Eye Cream,0,1,1,0,1
Eye cream,Dark Circle Corrector Set,1,1,1,1,1
Eye cream,Clearly Corrective™ Dark Circle Perfector,1,1,1,1,1
Eye cream,Dr. Weil For Origins™ Mega-Mushroom Skin Relief Eye Serum,0,0,0,0,0
Eye cream,PRE:EMPT SERIES™ Brightening Eye Cream,1,1,1,1,1
Eye cream,Vitamin A Serum EVEN TONE & REDUCE DARK CIRCLES,1,1,1,0,1
Eye cream,BRILLIANT FUTURE™ Age Defense & Renew Eye Cream,1,1,1,1,0
Eye cream,Orchidée Impériale Eye Serum,0,0,0,0,0
Eye cream,Time In A Bottle For Eyes 100% In-Control,1,1,1,1,1
Eye cream,Smoothing and Relaxing Patches with Soothing Cornflower,0,0,0,0,0
Eye cream,Do Not Age with Dr. Brandt Triple Peptide Eye Cream,1,1,1,1,0
Eye cream,Dr. Andrew Weil for Origins™ Mega-Bright Dark Circle Minimizer,0,0,0,0,0
Eye cream,ELEVATE Firming & Lifting Contouring Eye Cream,1,1,1,1,1
Eye cream,Total Replenishing Eye Cream,0,0,0,0,0
Eye cream,Zero Baggage Anti-Dark Circle Eye Cream,1,1,1,1,1
Eye cream,Kakadu C™ Eye Soufflé,0,0,0,0,0
Eye cream,Sake Brightening Bio-Cellulose Eye Masks,1,1,1,1,1
Eye cream,Take a Deep Breath Oxygenating Eye Gel Cream,0,0,0,0,0
Eye cream,Wrinkle Release Eye Cream with Peptides,1,1,1,1,1
Eye cream,Photo Dynamic Therapy Energizing Eye Renewal Cream,0,0,0,0,0
Eye cream,Forever Light Creator Eye Fluid,0,0,0,0,0
Eye cream,KateCeuticals™ Contouring Eye Serum,1,1,1,0,0
Eye cream,Mission Perfection Eye Broad Spectrum SPF 15,1,1,1,1,1
Eye cream,Belle de Jour Angel Eyes White Lotus Care,0,0,0,0,0
Eye cream,Xtend Your Youth Eye Cream,0,0,0,0,0
Eye cream,Time Retreat Eye Treatment,1,1,1,1,1
Eye cream,BB Eye Cream with Soothing Cornflower,1,1,1,1,1
Eye cream,Go-Go Eyes,1,1,1,1,1
Eye cream,Ice-Cold Eye Cream,0,0,0,0,0
Eye cream,DayWear Eye Cooling Anti-Oxidant Moisture GelCreme,1,1,1,1,0
Eye cream,EGF Eye Serum,1,1,1,1,1
Eye cream,Vitamin C Ester Brightening Eye Serum,0,0,0,0,0
Eye cream,Uplifting Miracle Worker Eye Cream,1,1,1,1,1
Eye cream,Lotus Caress to Moisturize Eyes,0,0,0,0,0
Eye cream,Eye Mask - Grape - Smoothing,0,0,0,0,0
Eye cream,Express Beauty Mask With Ginkgo Biloba,0,0,0,0,0
Eye cream,Reviving Eye Cream,0,0,0,0,0
Eye cream,Vita Mineral™ Active 7 Eye Gel,0,0,0,0,0
Sun protect,Tinted Moisturizer Broad Spectrum SPF 20,0,0,0,0,0
Sun protect,Tinted Moisturizer Broad Spectrum SPF 20 - Oil Free,0,0,0,0,0
Sun protect,Urban Environment Oil-Free UV Protector Broad Spectrum SPF 42 For Face,1,0,1,1,0
Sun protect,Pure Radiant Tinted Moisturizer Broad Spectrum SPF 30,0,0,0,0,0
Sun protect,Unseen Sunscreen Broad Spectrum SPF 40,1,1,1,1,0
Sun protect,Tinted Moisturizer SPF 20 - Illuminating,0,0,0,0,0
Sun protect,Silken Pore Perfecting Sunscreen Broad Spectrum SPF 35 PA+++,1,1,1,1,1
Sun protect,Ultimate Sun Protection Lotion WetForce SPF 50+,1,1,1,1,1
Sun protect,Everyday Sunscreen Broad Spectrum SPF 50,1,1,1,1,0
Sun protect,Super Fluid Daily UV Defense Sunscreen Broad Spectrum SPF 50+,1,1,1,1,1
Sun protect,BIENFAIT UV SPF 50+ Super Fluid Facial Sunscreen,0,0,0,0,0
Sun protect,Day-Light Protection Sun Screen SPF 50 PA+++,1,1,1,1,1
Sun protect,City Skin Age Defense Broad Spectrum SPF 50 PA++++,1,1,1,0,1
Sun protect,Umbra™ Sheer Physical Daily Defense Broad Spectrum Sunscreen SPF 30,1,1,1,1,1
Sun protect,Umbra Tinte™ Physical Daily Defense Broad Spectrum Sunscreen SPF 30,1,1,1,1,1
Sun protect,UV PLUS Anti-Pollution Sunscreen Multi-Protection Tint SPF 50,0,0,0,0,0
Sun protect,Urban Environment Tinted UV Protector Broad Spectrum SPF 43,0,0,0,0,0
Sun protect,Sunscreen Multi-Protection Broad Spectrum SPF 50,0,0,0,0,0
Sun protect,100% Mineral Smooth & Poreless Matte Screen SPF 40,1,1,1,1,1
Sun protect,Foundation Primer Protect Broad Spectrum SPF 30 Sunscreen PA+++,0,0,0,0,0
Sun protect,Radiance Primer Broad Spectrum SPF 35 Sunscreen,0,0,0,0,0
Sun protect,Argan Daily Moisturizer Tinted SPF 47 Protect + Perfect,0,0,0,0,0
Sun protect,Green Screen Daily Environmental Protector Broad Spectrum MineralSunscreen SPF 30 with Echinacea GreenEnvy™,1,1,1,1,1
Sun protect,Full Spectrum 360° Sun Silk Drops SPF 30,1,1,1,1,1
Sun protect,Ultimate Sun Protection Cream Broad Spectrum SPF 50+ Wetforce For Face,0,0,0,0,0
Sun protect,MOISTURE BOUND Tinted Treatment Moisturizer SPF 15,1,1,1,0,1
Sun protect,Max Sheer All Day Moisture Defense Lotion SPF 30 Sunscreen Lotion,0,0,0,0,0
Sun protect,Max Mineral Naked Broad Spectrum SPF 45,1,1,1,1,1
Sun protect,City Sunscreen Serum SPF 30,1,1,1,1,0
Sun protect,Renewed Hope in a Jar Skin Tint,1,1,1,1,1
Sun protect,Renewed Hope In A Jar SPF 30,0,0,0,0,0
Sun protect,Mineral Face SPF 30 - Matte Tint,1,0,1,1,1
Sun protect,High Potency Classics: Face Finishing & Firming Moisturizer Tint SPF 30,1,1,1,1,0
Sun protect,Perfecting Day Cream Broad Spectrum SPF 30 PA+++,0,0,0,0,0
Sun protect,FUTURE RESPONSE Age Defense Creme SPF 30,1,1,1,1,1
Sun protect,Advanced Time Zone SPF 15- Normal/Combination Skin,0,0,0,0,0
Sun protect,Multi-Active Day Cream SPF 20 - All Skin Types,0,0,0,0,0
Sun protect,Bienfait Teinté Beauty Balm Sunscreen Broad Spectrum SPF 30,0,0,0,0,0
Sun protect,Future Solution LX Total Protective Cream Broad Spectrum SPF 20 Sunscreen,1,1,1,1,1
Sun protect,Plantscription™ SPF 25 Power Anti-Aging Oil-Free Cream,1,0,1,1,1
Sun protect,Sports BB Broad Spectrum SPF 50+ WetForce,1,1,1,1,0
Sun protect,Rōsilliance™ Organic BB+ Cream SPF 30,1,1,1,0,1
Sun protect,Hydra Life BB Creme Broad Spectrum SPF 30,0,0,0,0,0
Sun protect,Defense Refresh Setting Mist Broad Spectrum SPF 50,1,1,1,1,0
Sun protect,Bienfait Multi-Vital Sunscreen Lotion Broad Spectrum SPF 30,0,0,0,0,0
Sun protect,8 HR Mattifying Moisturizer Sunscreen Broad Spectrum SPF20,1,1,1,1,1
Sun protect,Smart Broad Spectrum SPF 15 Custom-Repair Moisturizer for Dry Combination Skin,0,0,0,0,0
Sun protect,Age Defense BB Cream Broad Spectrum SPF 30,0,0,0,0,0
Sun protect,Prismatic Luminizing Shield SPF 50,1,1,1,1,1
Sun protect,Daywear Advanced Multi-Protection Anti-Oxidant Creme Oil-Free Broad Spectrum SPF 25,0,0,0,0,0
Sun protect,Photo Finish Foundation Primer SPF 20,1,1,1,1,1
Sun protect,Tarteguard Mineral Powder Sunscreen Broad Spectrum SPF 30,1,1,1,1,1
Sun protect,Ultra Facial Moisturizer SPF 30,1,1,1,1,1
Sun protect,Benefiance NutriPerfect Day Cream Broad Spectrum SPF 18,0,0,0,0,0
Sun protect,Super City Block Oil-Free Daily Face Protector Broad Spectrum 40 SPF,0,0,0,0,0
Sun protect,Ultra Repair® Pure Mineral Sunscreen Moisturizer Broad Spectrum SPF 40,1,1,1,1,1
Sun protect,Powerful Wrinkle Reducing Cream Sunscreen Broad Spectrum SPF 30,1,1,1,1,1
Sun protect,Mineral Face SPF 30 - Cucumber Matte,1,0,1,1,1
Sun protect,Super Multi-Corrective Cream Sunscreen Broad Spectrum SPF 30,1,1,1,1,1
Sun protect,The Broad Spectrum SPF 50 UV Protecting Fluid,0,0,0,0,0
Sun protect,Supergoop! x Milly Defense Refresh Setting Mist Broad Spectrum Sunscreen SPF 50,1,1,1,1,1
Sun protect,Daydream™ Mineral Primer SPF 30,1,0,1,1,1
Sun protect,Ultimate Sun Protection Spray Broad Spectrum SPF 50+ For Face/Body,0,0,0,0,0
Sun protect,Ultimate Sun Protection Lotion WetForce SPF 50+ Mini,1,1,1,1,1
Sun protect,Wetforce Clear Stick UV Protector Broad Spectrum 50+,1,1,1,1,1
Sun protect,Instant Mineral SPF 45,1,1,1,1,1
Sun protect,Sheer Vivid Tinted Moisturizer SPF 20,1,1,1,1,1
Sun protect,One Essential City Defense SPF 50,0,0,0,0,0
Sun protect,Superdefense SPF 20 Age Defense Moisturizer Combination Oily to Oily,0,0,0,0,0
Sun protect,Glow Stick Sunscreen SPF 50,1,1,0,0,1
Sun protect,Hello FAB Triple Protection Skin Tint with Goji Berry SPF 30,1,1,1,1,1
Sun protect,Natural Protector Broad Spectrum SPF 35 Sunscreen,1,1,1,1,1
Sun protect,Black Tea Age-Delay Lotion Broad Spectrum Sunscreen SPF 20,1,1,1,1,0
Sun protect,Broad Spectrum SPF 50 Sunscreen Face Cream,0,0,0,0,0
Sun protect,CC Red Correct Automatic Perfector Broad Spectrum SPF 25,1,1,1,1,1
Sun protect,Squalane + Mineral SPF 45,1,1,1,1,1
Sun protect,Sheer Fluid Sun Shield Broad Spectrum SPF 30 Sunscreen,1,1,1,1,1
Sun protect,Sun-Defying Sunscreen Oil Broad Spectrum SPF 50,1,1,1,0,0
Sun protect,Smart Broad Spectrum SPF 15 Custom-Repair Moisturizer for Very Dry to Dry Skin,0,0,0,0,0
Sun protect,Tarteguard 20 Tinted Moisturizer Broad Spectrum SPF 20 Sunscreen,1,1,1,1,1
Sun protect,Oil-Free Sun Guard Sunscreen Water Resistant SPF 45,0,0,0,0,0
Sun protect,Pep-Start Daily UV Protector Broad Spectrum SPF 50,1,1,1,1,1
Sun protect,Tarteguard 30 Vegan Sunscreen Lotion Broad Spectrum SPF 30,1,1,1,1,1
Sun protect,Flawless Skin Mega Moisturizer SPF 15 - Normal/Dry Skin,0,0,0,0,0
Sun protect,Classic Face Sport SPF 50 - White Tea,1,1,1,0,1
Sun protect,Classic Face SPF 30 - Unscented,1,1,1,0,1
Sun protect,Sugar Sport Treatment Sunscreen SPF 30,0,0,0,0,0
Sun protect,Balancing Moisturizer Broad Spectrum SPF 15 PA++,0,0,0,0,0
Sun protect,Forever Young Body Butter with Sea Buckthorn SPF 40 PA+++,0,0,0,0,0
Sun protect,Resurgence® Age–Balancing Moisture Broad Spectrum SPF 30,0,0,0,0,0
Sun protect,Makeup Setting Spray SPF 30,1,0,1,1,0
Sun protect,Super Power Sunscreen Mousse Broad Spectrum SPF 50,1,1,1,1,0
Sun protect,Repairing Tint & Radiance Moisturizer SPF 30,0,0,0,0,0
Sun protect,DD Cream Dermatologically Defining BB Cream Broad Spectrum SPF 30,0,0,0,0,0
Sun protect,50+ SPF Sunscreen For Face Wrinkle Control Cream,0,0,0,0,0
Sun protect,Repairwear Uplifting Firming Cream Broad Spectrum SPF 15,0,0,0,0,0
Sun protect,Broad Spectrum SPF 50 Mineral Sunscreen Fluid for Face,1,1,1,1,1
Sun protect,Extra Smooth Sun Protection Cream SPF 38 PA+++,0,0,0,0,0
Sun protect,Mineral Crème Broad Spectrum SPF 50 UVA-UVB Sunscreen,1,1,1,0,1
Sun protect,Sheer Mineral Sun Spray SPF 50,0,0,0,0,0
Sun protect,Moisturizing Bomb Cushion Compact Broad Spectrum SPF 50,1,1,1,1,0
Sun protect,Flawless Skin Mega Moisturizer SPF 15 - Normal/Combination Skin,0,0,0,0,0
Sun protect,Radiant Translucent Powder SPF 20,0,0,0,0,0
Sun protect,DayWear UV Base Advanced Anti-Oxidant & UV Defense SPF 50,0,0,0,0,0
Sun protect,Dark Spot Sun Defense Broad Spectrum SPF 50,0,0,0,0,0
Sun protect,Classic Face SPF 30 - Cucumber,1,1,1,0,1
Sun protect,Repairwear Laser Focus Line Smoothing Cream Broad Spectrum SPF 15 for Very Dry to Dry Combination Skin,0,0,0,0,0
Sun protect,Invincible Setting Powder SPF 45 Refill,1,1,1,1,1
Sun protect,Face Lotion SPF 30,1,1,1,1,1
Sun protect,Photo Dynamic Therapy® 3–in–1 Facial Lotion With Broad Spectrum SPF 30,0,0,0,0,0
Sun protect,Broad Spectrum SPF 30 Mineral Sunscreen Fluid for Face,1,1,1,1,1
Sun protect,Classic Sport SPF 50 - Fresh Mango,1,1,1,1,1
Sun protect,DayWear Multi-Protection Anti-Oxidant Sheer Tint Release Moisturizer Broad Spectrum SPF 15 - Normal/ Combination Skin,0,0,0,0,0
Sun protect,Instant Radiance Sun Defense Sunscreen Broad Spectrum SPF 40,1,1,1,1,1
Sun protect,Super Fluid UV Mineral Defense Titanium Dioxide Sunscreen Broad Spectrum SPF 50+,0,0,0,1,1
Sun protect,Rènergie Lift Multi-Action Sunscreen Broad Spectrum SPF 15 For Dry Skin,0,1,0,0,0
Sun protect,Face Protect SPF 50,0,0,0,0,0
Sun protect,Daily Moisturizer Broad Spectrum SPF 35,1,1,1,1,1
Sun protect,UncompliKated SPF 50 Soft Focus Makeup Setting Spray,1,1,1,1,0
Sun protect,City Block Sheer Oil-Free Daily Face Protector SPF 25,0,0,0,0,0
Sun protect,Sport Continuous Spray SPF 50 - Unscented,1,1,1,1,1
Sun protect,Flawless Skin Daily Face Shield SPF 40,0,0,0,0,0
Sun protect,Daily Moisture SPF 30 Concentrate,0,0,0,0,0
Sun protect,Turn Back Time Anti-Aging Supplement,0,0,0,0,0
Sun protect,Smart Broad Spectrum SPF 15 Custom-Repair Moisturizer for Combination Oily Skin,0,0,0,0,0
Sun protect,DayWear BB Anti-Oxidant Beauty Benefit Crème SPF 35,0,0,0,0,0
Sun protect,Day Cream Broad Spectrum Sunscreen SPF 30,1,1,1,1,1
Sun protect,Daily Anti-Aging Moisturizer SPF 30,1,0,1,1,1
Sun protect,After Sun Greek Yoghurt Cooling Gel for Face and Body,1,1,1,1,1
Sun protect,Resort Collection Sun Protection Cushion SPF 30+,0,0,0,0,0
Sun protect,Sport Continuous Spray SPF 50 - Guava Mango,1,1,1,1,1
Sun protect,Mineral Moisture Defense Body Broad Spectrum SPF 50 UVA-UVB Sunscreen,0,0,0,0,0
Sun protect,ER+ Radical Recovery After-Sun Lotion,1,1,1,1,1
Sun protect,Flow-Thru Radiant Transclucent Powder SPF 20,1,0,1,0,1
Sun protect,Daily Protection Broad Spectrum SPF 50 Sunscreen,1,1,1,1,1
Sun protect,pores no more® multi-performance stick,1,1,1,1,0
Sun protect,Sunscreen Cream High Protection SPF 30,0,0,0,0,0
Sun protect,Mineral Sunscreen Stick Broad Spectrum SPF 40 UVA-UVB Sunscreen,1,1,1,0,1
Sun protect,Repairwear Laser Focus Line Smoothing Cream Broad Spectrum SPF 15 for Combination Oily to Oily Skin,0,0,0,0,0
Sun protect,Sport Continuous Spray SPF 30 - Tropical Coconut,1,1,1,1,1
Sun protect,MD Crème Mineral Beauty Balm Broad Spectrum SPF 50 UVA-UVB Sunscreen,1,1,1,1,1
Sun protect,Protect Ultra Sheer Weightless Sunscreen Broad Spectrum SPF 50+ UVA/UVB,0,0,0,0,0
Sun protect,100% Mineral Sunscreen Mist with Marigold Extract Broad Spectrum SPF 30,1,1,1,1,1
Sun protect,Sun Oil 15 SPF,1,1,1,0,0
Sun protect,Oil-Free Face Cream Broad Spectrum SPF 30,1,1,1,1,1
Sun protect,Ultimate Miracle Worker Multi-Rejuvenating Lightweight Emulsion SPF 30,1,1,1,1,1
Sun protect,Resort Collection Sun Protection Mist Broad Spectrum SPF 30 Sunscreen,1,1,1,1,1
Sun protect,Primer Broad Spectrum Sunscreen SPF 25,0,0,0,0,0
Sun protect,Sport Continuous Spray SPF 30 - Piña Colada,1,1,1,1,1
Sun protect,Sun Lotion 50 SPF,1,1,1,1,0
Sun protect,Virtu-oil Body Mist Broad Spectrum SPF 30,0,0,0,0,0
Sun protect,Sun Lotion 30 SPF,1,1,1,1,0
Sun protect,Future Solution LX Total Protective Emulsion Broad Spectrum SPF 20 Sunscreen,1,1,1,1,1
Sun protect,Mineral Sport Sunscreen Stick SPF 50,1,1,1,1,1
Sun protect,Prime & Protect Mattifying Primer with Broad Spectrum SPF 50,1,1,1,1,1
Sun protect,Quick Dry Body Spray With SolSci-X™ Broad Spectrum SPF 40 UVA-UVB Sunscreen,1,1,1,1,1
Sun protect,Sport Continuous Spray SPF 30 - Unscented,1,1,1,1,1
Sun protect,After-Sun Milk Soothing Body Lotion,1,1,1,1,0
Sun protect,Perfect Day 2-in-1 Everywear Lotion Broad Spectrum SPF 50 + Mint Condition Lip Shield SPF 30,1,1,1,1,0
Sun protect,Oily Problem Skin Instant Mineral Powder SPF 30,0,0,0,0,0
Sun protect,Summer Duo,0,0,0,0,0
Sun protect,Passionflower & Argan Dry Oil Broad Spectrum SPF 50,0,0,0,0,0
Sun protect,Anti-Aging Armour™ Super Smart Skin-Perfecting Beauty Fluid SPF 50+,1,1,1,1,1
Sun protect,Naked Skin Bronzing Beauty Balm Broad Spectrum SPF 20,0,0,0,0,0
Sun protect,Daily Deflector™ Moisturizer Broad Spectrum SPF 50+,0,0,0,0,0
Sun protect,Yoghurt Nourishing Fluid Veil Face Sunscreen Broad Spectrum SPF 30,1,1,1,1,1
Sun protect,Daily Deflector™ Waterlight Broad Spectrum SPF 50+ PA+++ Anti-Aging Sunscreen,0,0,0,0,0
Sun protect,Self Tan Dry Oil SPF 50,0,0,0,0,0
Sun protect,Pro Light Self Tan Bronzing Mist,0,0,0,0,0
Sun protect,DERMAPROTECT Daily Defense Broad Spectrum SPF 50+,1,1,1,1,1
